,제목,날짜,매체명,본문,URL
0,'드레스 대신 안전모'…원자력 홍보대사 자처한 미스 아메리카,2023-09-24 16:18:24,연합뉴스,"원자력공학 전공 대학생 스탠키 ""원자력, 사람 살리고 전력도 제공해""    스탠키는 ""원자력은 (영화 속) 고질라를 만든 것처럼 항상 악역이었다""며 ""원자력에 대해 문제로 거론된 것들은 사실 잘못된 것이 아니었다. 오히려 원자력은 훌륭한 선물인데, 우리는 이에 등을 돌렸다""라고 주장했다.    그는 이어 ""미국인들은 새 자동차, 새 TV를 원하고 끊임없는 기술 변화를 추구하고 있다""며 ""이제 원자력이 무엇이 잘못된 것이었는지 스스로에게 질문해야 한다""고 강조했다.    한때 미국에선 원자력에 대한 매우 친근한 이미지가 조성된 바 있다고 WSJ은 소개했다.    1957년 월트 디즈니 TV시리즈 '우리 친구 원자'(Our Friend the Atom)가 방영되는가 하면, 버섯구름 장식을 한 수영복 차림의 여성이 '미스 원자폭탄' 홍보 사진에 등장하는 등 1950년대 원자력은 경제적 이득을 줄 미래형 기술로서 화려한 이미지였다.    그러나 원자력이 주목받는 동시에 반핵 운동도 확산하기 시작했다. 1951년도 미스 아메리카 욜란드 벳베즈 폭스도 반핵운동에 동참했던 것으로 전해진다.    현재 원자력을 향한 미국인들의 시선은 양분돼 있으나 에너지 가격 상승 등의 영향 탓인지 좀 더 긍정적으로 바뀌는 추세다.    지난달 9일 발표된 퓨리서치센터 여론조사에 따르면 미국인 57%가 원자력을 선호한다고 답했다. 2020년 43%보다 높아진 비율이다.    조 바이든 미 대통령은 2035년까지 '100% 청정에너지'를 달성하겠다고 공약했는데, 원전이 사실상 탄소 배출이 없는 전기를 생산하는 핵심 발전원이라고 보고 원전 유지 및 확대에 힘쓰고 있다.    cherora@yna.co.kr",https://n.news.naver.com/mnews/article/001/0014215227?sid=104
1,"LG화학, 중 화유그룹과 중저가 전기차 배터리 소재 합작",2023-09-24 15:21:01,한겨레,"모로코에 합작 공장 짓기로엘지(LG)화학이 중국의 화유그룹과 손잡고 리튬인산철(LFP) 배터리 양극재 사업에 본격 진출한다. 엘지화학은 22일 중국 화유그룹과 양극재 공급망에 대한 포괄적 업무협약(MOU)을 체결했다고 24일 밝혔다. 이번 업무협약으로 엘지화학과 화유그룹 산하 ‘유산’은 모로코에 연산 5만톤 규모의 리튬인산철(LFP) 배터리 양극재 합작 공장을 짓는다. 2026년 양산이 목표다. 5만톤은 보급형 전기차 50만대(350㎞ 주행 가능한 배터리 용량 50kWh 탑재 전기차 기준)에 필요한 배터리 양극재를 만들 수 있는 규모로 북미 지역에 공급할 예정이다. 국내 이차전지 업체의 주력 제품인 삼원계(니켈·코발트·망간, NCM) 배터리 쪽에 집중하던 엘지화학은 이번 사업을 통해 리튬인산철 배터리 쪽으로도 진출한다는 계획이다. 리튬인산철 배터리는 중국 업체들이 주력으로 만들고 있는 제품이다. 리튬인산철 양극재는 주로 보급형 전기차에 쓰이는 배터리 소재로, 삼원계 배터리 양극재보다 에너지 밀도가 낮아 주행거리가 짧지만 상대적으로 가격이 저렴하다는 장점이 있다. 미국 전기차 업체 테슬라가 전체 차종에 리튬인산철 배터리를 탑재하기로 하는 등 최근 수요가 빠르게 늘고 있다. 유진투자증권은 승용 전기차 기준 리튬인산철 배터리 점유율은 2018년 7%에서 2019년 3%, 2020년 6%로 정체됐다가 2021년 17%, 2022년 27%로 급상승했다고 최근 밝혔다. 한병화 유진투자증권 연구원은 “향후 시장 성장을 위해서는 중저가 전기차가 중심이 되어야 한다는 컨센서스가 형성되고 있다. 중저가 전기차를 대량으로 판매하면서도 일정 수준 이익을 지키려면 리튬인산철 배터리 채택을 늘릴 수밖에 없다”고 분석했다. 모로코는 리튬인산철 배터리 양극재의 핵심 원료가 되는 인광석이 약 500억톤 정도 매장돼있어 전 세계 매장량 1위(73%)를 차지한다. 모로코는 미국과 자유무역협정(FTA)을 체결한 나라여서, 미국 인플레이션감축법(IRA) 보조금 지급 요건도 충족한다.다만 엘지화학과 화유는 미 인플레이션감축법 해외우려집단(FEOC) 규정이 정해지는 대로 투자 지분 비율을 조정한다는 방침이다. 엘지화학 투자금은 수천억원대가 될 것으로 추정된다. 또 화유그룹 산하 화유코발트와 모로코에 2025년까지 연산 5만2천톤의 리튬 양산 체제를 마련해 모로코 리튬인산철 배터리 양극재 공장에 리튬을 공급할 계획이다. 엘지화학은 앞으로 리튬인산철에 망간을 더해 용량과 출력을 높인 리륨망간인산철 배터리 양극재로 사업을 확장할 계획이다. 신학철 엘지화학 부회장은 “모로코 양극재 공장을 거점으로 삼아 새롭게 떠오르는 리튬인산철 배터리 양극재 시장에 적극 대응하겠다”고 말했다.아울러, 엘지화학은 화유코발트와 인플레이션감축법 충족을 전제로 인도네시아에도 진출한다. 두 회사는 니켈 매장량·생산량 1위인 인도네시아에서 니켈 제련·전구체를 아우르는 양극재 수직계열화에 협력한다는 방침이다. ",https://n.news.naver.com/mnews/article/028/0002657954?sid=101
2,끄기 어려운 '전기차 화재'…3년새 3배 증가,2023-09-24 14:55:34,일간스포츠,"사고의 절반 이상 ‘배터리’가 원인전국 안전검사소 10곳 중 3곳서만 배터리 검사 가능조 의원 ""인프라·제도 보완 시급""전기차 보급이 늘면서 화재 사고도 급증한 것으로 나타났다.24일 한국교통안전공단이 국회 국토교통위원회 소속 더불어민주당 조오섭 의원에게 제출한 자료를 보면 올해 들어 지난달까지 발생한 전기차 화재는 모두 34건으로 집계됐다.전기차 화재는 지난 2020년 12건, 2021년 15건이었다가 지난해 33건으로 늘었다. 올해는 8월까지 발생한 건수만 이미 지난해 수준을 넘어서며 더욱 늘어나는 추세다.전기차는 유해 배기가스를 배출하지 않는다는 장점이 있지만 배터리 화재 발생 시 리튬이온 배터리 열폭주 현상 때문에 진압이 어렵다. 몇시간이 걸리는 경우도 있다.최근 전기차 보급 규모가 확대되면서 화재 발생 건수도 늘어난 것으로 풀이된다. 국내 신규 등록 전기차는 2020년 4만6623대에서 2021년 10만355대로 배 넘게 늘었고, 지난해에는 16만4324대로 더 증가했다. 올해는 전기차 판매가 다소 둔화하며 지난달까지 10만3356대가 등록됐다.화재 발생 원인의 절반 이상은 '배터리'가 차지했다. 2020년 이후 지금까지 누적된 화재 발생 건수(94건) 중 가장 많은 51건(54.3%)의 화재가 ‘고전압 배터리’에서 발생한 것으로 나타났다. 이어 27건(28%)은 커넥터와 운전선 열선 등 차량 기타 부품에서 불이 났다. 나머지 16건(17%)은 전기차 자체가 아니라, 휴대용 충전기나 블랙박스 보조배터리 같은 차량 액세서리에서 화재가 발생했다.차량 제작사별로 화재 발생 건수를 살펴보면, 현대자동차가 40건(42.6%), 기아가 14건(14.9%) 순으로 나타났다. 아우디에서 7건(7.4%), 테슬라에서 6건(6.4%)이 발생했다. 전기차 화재 대부분이 배터리 문제로 발생하지만, 전기차 배터리 안전성 검사 장비를 갖춘 안전검사소는 10곳 중 3곳 정도에 그치는 것으로 나타났다. 자동차 고전압 전기·전자장치 검사가 가능한 안전검사소는 지난달 기준 전국 안전검사소 1972곳 가운데 608곳(30.8%)에 그친다. 조오섭 의원은 ""전기차 정기 안전 검사에 배터리 안전성에 대한 의무 검사 조항이 없는 점도 문제""라며 ""전기차 정비 인프라와 관련 제도가 전기차 보급 속도를 따라가지 못하고 있어 시급한 보완이 필요하다""고 지적했다.안민구 기자 amg9@edaily.co.kr",https://n.news.naver.com/mnews/article/241/0003302501?sid=103
3,전기차 화재 급증…절반은 '고전압 배터리' 발화,2023-09-24 14:12:01,노컷뉴스,"올해 전기차 화재 지난달까지 34건2020년부터 누적 화재는 총 94건화재 54.3% 고전압 배터리서 발생전기차 보급이 확대되면서 화재 사고 역시 짧은 기간 크게 늘어난 것으로 나타났다.24일 한국교통안전공단 자동차안전연구원이 국회 국토교통위원회 소속 더불어민주당 조오섭 의원에게 제출한 자료에 따르면, 올해 들어 지난달까지 전기차 화재는 34건 발생했다.전기차 화재는 2020년 12건, 2021년 15건이었다가 지난해 33건으로 급증했는데, 올해는 8월까지 발생한 건수만 이미 지난해 수준을 넘어섰다.국내 신규 등록 전기차는 2020년 4만6623대에서 2021년 10만355대로 늘었고, 지난해에는 16만4324대로 더 증가했다.전기차 화재는 2020년부터 지난달까지 누적 94건 발생했다. 그중 16건(17%)은 블랙박스 보조배터리, 휴대용 충전기 등 차량에 장착된 액세서리 등에서 불이 나 전기차 자체의 안전 문제라고는 보기 어려운 '외부 요인'이 원인이었다.나머지 78건 중에서는 51건(54.3%)의 화재가 '고전압 배터리'에서 발생했다. 전체 전기차 화재 중 절반 이상은 배터리가 원인인 셈이다.다른 27건(28%)은 차량 기타 부품(커넥터·운전석 열선 등)에서 불이 난 경우였다. 제작사별로 보면 현대자동차(코나 EV·포터2 EV·아이오닉5 등)가 40건(42.6%), 기아(봉고3 EV·쏘울 EV 등)가 14건(14.9%)이었다.수입차 중에서는 폭스바겐그룹 아우디 E-트론에서 7건(7.4%), 테슬라 모델 3·X·Y 등에서 6건(6.4%) 의 화재가 있었다.최근 3년여간 전기차 화재의 절반 이상이 고전압 배터리에서 발생했지만, 화재를 예방할 수 있는 검사가 가능한 검사소는 전국 10곳 가운데 3곳뿐이라고 조오섭 의원은 지적했다.전기차 배터리 안전성 검사 장비를 보유한 안전검사소는 지난달 기준 전국 1972곳 가운데 교통안전공단이 운영하는 검사소 59곳과 출장 검사소 30곳, 민간 검사소 519곳 등 608곳(30.8%) 뿐이다.조 의원은 ""전기차 정비 인프라와 관련 제도가 전기차 보급 속도를 따라가지 못하고 있어 시급한 보완이 필요하다""고 말했다.※CBS노컷뉴스는 여러분의 제보로 함께 세상을 바꿉니다. 각종 비리와 부당대우, 사건사고와 미담 등 모든 얘깃거리를 알려주세요.이메일 : jebo@cbs.co.kr카카오톡 : @노컷뉴스사이트 : https://url.kr/b71afn",https://n.news.naver.com/mnews/article/079/0003816112?sid=103
4,"LG화학, 中화유그룹과 LFP 양극재 사업 진출…모로코에 공장 짓는다",2023-09-24 14:02:01,서울경제,"5만톤 규모 LFP 양극재 생산···2026년부터 가동북미 공급용···IRA 요건에 따라 지분 비율 조정인니에는 제련·전구체 공장···""양극재 소재 수직 계열화""[서울경제] LG화학(051910)이 중국 화유그룹과 손잡고 리튬·인산·철(LFP) 양극재 사업에 본격 진출한다. 미국과 자유무역협정(FTA)을 맺은 모로코에 공장을 짓고 2026년부터 양산할 계획이다. 인도네시아에는 전구체 공장을 신설하는 등 양극재 소재의 수직계열화로 경쟁력을 확보한다는 방침이다.LG화학은 중국 화유그룹과 양극재 공급망에 대한 포괄적 업무협약(MOU)을 체결했다고 24일 밝혔다. 양사는 LFP 양극재 시장에 진출하는 등 세 가지 사업을 함께 진행한다.LG화학과 화유그룹 산하 유산은 모로코에 연산 5만 톤 규모의 LFP 양극재 합작 공장을 짓는다. 연산 5만 톤은 보급형 전기차 50만 대에 필요한 양극재를 만들 수 있는 양이다. 합작공장은 2026년 양산을 목표로 수 천억 원을 투자해 짓는다.이 공장에서 생산되는 LFP는 북미 지역에 공급될 예정이다. LG화학 관계자는 ""모로코는 미국과 FTA를 맺어 인플레이션 감축법(IRA) 보조금 요건도 충족한다""며 ""합작사의 지분 비율은 IRA 요건에 따라 조정할 예정""이라고 말했다.LFP 양극재는 주로 보급형 전기차에 쓰이는 배터리 소재로 니켈·코발트·망간(NCM) 양극재보다 에너지 밀도는 낮지만 가격 경쟁력이 높아 고객사 수요가 늘어나는 추세다. 테슬라, 포드, BMW, 현대차 등 유력 완성차 업체들도 자사 일부 모델에 LFP 배터리를 채택하겠다고 발표했다.그동안 NCM 삼원계 배터리에 주력했던 국내 양극재 기업들도 LFP 양극재 개발에 속도를 내고 있다. LG화학뿐 아니라 포스코퓨처엠, 에코프로비엠, 엘앤에프 등도 LFP 양극재 사업을 추진 중이다. LG화학은 추후 LFP에 망간을 더해 용량과 출력을 높인 LMFP 양극재 등으로 사업을 확장할 계획이다.LG화학은 또 모로코에서 화유그룹 산하 화유코발트와 리튬 컨버전 플랜트 사업도 추진한다. 컨버전 플랜트란 리튬 정광(리튬 광석을 가공해 농축한 고순도 광물)에서 양극재 생산에 필요한 수산화리튬과 탄산리튬을 추출하는 시설이다. 모로코 리튬 컨버전 플랜트는 2025년까지 연산 5만 2000톤의 리튬 양산 체제를 마련해 모로코 LFP 공장에 리튬을 공급할 계획이다.LG화학과 화유코발트는 이와 함께 인도네시아에서 니켈 제련·전구체를 아우르는 양극재 수직계열화를 위해 협력하기로 했다. 신학철 LG화학 부회장은 “모로코 양극재 공장을 글로벌 거점으로 삼아 새롭게 떠오르는 LFP 양극재 시장에 적극 대응하겠다”며 “원재료에서 전구체, 양극재까지 이어지는 소재 수직 계열화 체계를 공고히 해 글로벌 전지소재 기업으로서 기반을 다져나갈 것""이라고 말했다.",https://n.news.naver.com/mnews/article/011/0004242204?sid=101
5,'드레스 대신 안전모'…원자력 홍보대사 자처한 미스 아메리카,2023-09-24 16:18:24,연합뉴스,"원자력공학 전공 대학생 스탠키 ""원자력, 사람 살리고 전력도 제공해""    스탠키는 ""원자력은 (영화 속) 고질라를 만든 것처럼 항상 악역이었다""며 ""원자력에 대해 문제로 거론된 것들은 사실 잘못된 것이 아니었다. 오히려 원자력은 훌륭한 선물인데, 우리는 이에 등을 돌렸다""라고 주장했다.    그는 이어 ""미국인들은 새 자동차, 새 TV를 원하고 끊임없는 기술 변화를 추구하고 있다""며 ""이제 원자력이 무엇이 잘못된 것이었는지 스스로에게 질문해야 한다""고 강조했다.    한때 미국에선 원자력에 대한 매우 친근한 이미지가 조성된 바 있다고 WSJ은 소개했다.    1957년 월트 디즈니 TV시리즈 '우리 친구 원자'(Our Friend the Atom)가 방영되는가 하면, 버섯구름 장식을 한 수영복 차림의 여성이 '미스 원자폭탄' 홍보 사진에 등장하는 등 1950년대 원자력은 경제적 이득을 줄 미래형 기술로서 화려한 이미지였다.    그러나 원자력이 주목받는 동시에 반핵 운동도 확산하기 시작했다. 1951년도 미스 아메리카 욜란드 벳베즈 폭스도 반핵운동에 동참했던 것으로 전해진다.    현재 원자력을 향한 미국인들의 시선은 양분돼 있으나 에너지 가격 상승 등의 영향 탓인지 좀 더 긍정적으로 바뀌는 추세다.    지난달 9일 발표된 퓨리서치센터 여론조사에 따르면 미국인 57%가 원자력을 선호한다고 답했다. 2020년 43%보다 높아진 비율이다.    조 바이든 미 대통령은 2035년까지 '100% 청정에너지'를 달성하겠다고 공약했는데, 원전이 사실상 탄소 배출이 없는 전기를 생산하는 핵심 발전원이라고 보고 원전 유지 및 확대에 힘쓰고 있다.    cherora@yna.co.kr",https://n.news.naver.com/mnews/article/001/0014215227?sid=104
6,"LG화학, 중 화유그룹과 중저가 전기차 배터리 소재 합작",2023-09-24 15:21:01,한겨레,"모로코에 합작 공장 짓기로엘지(LG)화학이 중국의 화유그룹과 손잡고 리튬인산철(LFP) 배터리 양극재 사업에 본격 진출한다. 엘지화학은 22일 중국 화유그룹과 양극재 공급망에 대한 포괄적 업무협약(MOU)을 체결했다고 24일 밝혔다. 이번 업무협약으로 엘지화학과 화유그룹 산하 ‘유산’은 모로코에 연산 5만톤 규모의 리튬인산철(LFP) 배터리 양극재 합작 공장을 짓는다. 2026년 양산이 목표다. 5만톤은 보급형 전기차 50만대(350㎞ 주행 가능한 배터리 용량 50kWh 탑재 전기차 기준)에 필요한 배터리 양극재를 만들 수 있는 규모로 북미 지역에 공급할 예정이다. 국내 이차전지 업체의 주력 제품인 삼원계(니켈·코발트·망간, NCM) 배터리 쪽에 집중하던 엘지화학은 이번 사업을 통해 리튬인산철 배터리 쪽으로도 진출한다는 계획이다. 리튬인산철 배터리는 중국 업체들이 주력으로 만들고 있는 제품이다. 리튬인산철 양극재는 주로 보급형 전기차에 쓰이는 배터리 소재로, 삼원계 배터리 양극재보다 에너지 밀도가 낮아 주행거리가 짧지만 상대적으로 가격이 저렴하다는 장점이 있다. 미국 전기차 업체 테슬라가 전체 차종에 리튬인산철 배터리를 탑재하기로 하는 등 최근 수요가 빠르게 늘고 있다. 유진투자증권은 승용 전기차 기준 리튬인산철 배터리 점유율은 2018년 7%에서 2019년 3%, 2020년 6%로 정체됐다가 2021년 17%, 2022년 27%로 급상승했다고 최근 밝혔다. 한병화 유진투자증권 연구원은 “향후 시장 성장을 위해서는 중저가 전기차가 중심이 되어야 한다는 컨센서스가 형성되고 있다. 중저가 전기차를 대량으로 판매하면서도 일정 수준 이익을 지키려면 리튬인산철 배터리 채택을 늘릴 수밖에 없다”고 분석했다. 모로코는 리튬인산철 배터리 양극재의 핵심 원료가 되는 인광석이 약 500억톤 정도 매장돼있어 전 세계 매장량 1위(73%)를 차지한다. 모로코는 미국과 자유무역협정(FTA)을 체결한 나라여서, 미국 인플레이션감축법(IRA) 보조금 지급 요건도 충족한다.다만 엘지화학과 화유는 미 인플레이션감축법 해외우려집단(FEOC) 규정이 정해지는 대로 투자 지분 비율을 조정한다는 방침이다. 엘지화학 투자금은 수천억원대가 될 것으로 추정된다. 또 화유그룹 산하 화유코발트와 모로코에 2025년까지 연산 5만2천톤의 리튬 양산 체제를 마련해 모로코 리튬인산철 배터리 양극재 공장에 리튬을 공급할 계획이다. 엘지화학은 앞으로 리튬인산철에 망간을 더해 용량과 출력을 높인 리륨망간인산철 배터리 양극재로 사업을 확장할 계획이다. 신학철 엘지화학 부회장은 “모로코 양극재 공장을 거점으로 삼아 새롭게 떠오르는 리튬인산철 배터리 양극재 시장에 적극 대응하겠다”고 말했다.아울러, 엘지화학은 화유코발트와 인플레이션감축법 충족을 전제로 인도네시아에도 진출한다. 두 회사는 니켈 매장량·생산량 1위인 인도네시아에서 니켈 제련·전구체를 아우르는 양극재 수직계열화에 협력한다는 방침이다. ",https://n.news.naver.com/mnews/article/028/0002657954?sid=101
7,끄기 어려운 '전기차 화재'…3년새 3배 증가,2023-09-24 14:55:34,일간스포츠,"사고의 절반 이상 ‘배터리’가 원인전국 안전검사소 10곳 중 3곳서만 배터리 검사 가능조 의원 ""인프라·제도 보완 시급""전기차 보급이 늘면서 화재 사고도 급증한 것으로 나타났다.24일 한국교통안전공단이 국회 국토교통위원회 소속 더불어민주당 조오섭 의원에게 제출한 자료를 보면 올해 들어 지난달까지 발생한 전기차 화재는 모두 34건으로 집계됐다.전기차 화재는 지난 2020년 12건, 2021년 15건이었다가 지난해 33건으로 늘었다. 올해는 8월까지 발생한 건수만 이미 지난해 수준을 넘어서며 더욱 늘어나는 추세다.전기차는 유해 배기가스를 배출하지 않는다는 장점이 있지만 배터리 화재 발생 시 리튬이온 배터리 열폭주 현상 때문에 진압이 어렵다. 몇시간이 걸리는 경우도 있다.최근 전기차 보급 규모가 확대되면서 화재 발생 건수도 늘어난 것으로 풀이된다. 국내 신규 등록 전기차는 2020년 4만6623대에서 2021년 10만355대로 배 넘게 늘었고, 지난해에는 16만4324대로 더 증가했다. 올해는 전기차 판매가 다소 둔화하며 지난달까지 10만3356대가 등록됐다.화재 발생 원인의 절반 이상은 '배터리'가 차지했다. 2020년 이후 지금까지 누적된 화재 발생 건수(94건) 중 가장 많은 51건(54.3%)의 화재가 ‘고전압 배터리’에서 발생한 것으로 나타났다. 이어 27건(28%)은 커넥터와 운전선 열선 등 차량 기타 부품에서 불이 났다. 나머지 16건(17%)은 전기차 자체가 아니라, 휴대용 충전기나 블랙박스 보조배터리 같은 차량 액세서리에서 화재가 발생했다.차량 제작사별로 화재 발생 건수를 살펴보면, 현대자동차가 40건(42.6%), 기아가 14건(14.9%) 순으로 나타났다. 아우디에서 7건(7.4%), 테슬라에서 6건(6.4%)이 발생했다. 전기차 화재 대부분이 배터리 문제로 발생하지만, 전기차 배터리 안전성 검사 장비를 갖춘 안전검사소는 10곳 중 3곳 정도에 그치는 것으로 나타났다. 자동차 고전압 전기·전자장치 검사가 가능한 안전검사소는 지난달 기준 전국 안전검사소 1972곳 가운데 608곳(30.8%)에 그친다. 조오섭 의원은 ""전기차 정기 안전 검사에 배터리 안전성에 대한 의무 검사 조항이 없는 점도 문제""라며 ""전기차 정비 인프라와 관련 제도가 전기차 보급 속도를 따라가지 못하고 있어 시급한 보완이 필요하다""고 지적했다.안민구 기자 amg9@edaily.co.kr",https://n.news.naver.com/mnews/article/241/0003302501?sid=103
8,전기차 화재 급증…절반은 '고전압 배터리' 발화,2023-09-24 14:12:01,노컷뉴스,"올해 전기차 화재 지난달까지 34건2020년부터 누적 화재는 총 94건화재 54.3% 고전압 배터리서 발생전기차 보급이 확대되면서 화재 사고 역시 짧은 기간 크게 늘어난 것으로 나타났다.24일 한국교통안전공단 자동차안전연구원이 국회 국토교통위원회 소속 더불어민주당 조오섭 의원에게 제출한 자료에 따르면, 올해 들어 지난달까지 전기차 화재는 34건 발생했다.전기차 화재는 2020년 12건, 2021년 15건이었다가 지난해 33건으로 급증했는데, 올해는 8월까지 발생한 건수만 이미 지난해 수준을 넘어섰다.국내 신규 등록 전기차는 2020년 4만6623대에서 2021년 10만355대로 늘었고, 지난해에는 16만4324대로 더 증가했다.전기차 화재는 2020년부터 지난달까지 누적 94건 발생했다. 그중 16건(17%)은 블랙박스 보조배터리, 휴대용 충전기 등 차량에 장착된 액세서리 등에서 불이 나 전기차 자체의 안전 문제라고는 보기 어려운 '외부 요인'이 원인이었다.나머지 78건 중에서는 51건(54.3%)의 화재가 '고전압 배터리'에서 발생했다. 전체 전기차 화재 중 절반 이상은 배터리가 원인인 셈이다.다른 27건(28%)은 차량 기타 부품(커넥터·운전석 열선 등)에서 불이 난 경우였다. 제작사별로 보면 현대자동차(코나 EV·포터2 EV·아이오닉5 등)가 40건(42.6%), 기아(봉고3 EV·쏘울 EV 등)가 14건(14.9%)이었다.수입차 중에서는 폭스바겐그룹 아우디 E-트론에서 7건(7.4%), 테슬라 모델 3·X·Y 등에서 6건(6.4%) 의 화재가 있었다.최근 3년여간 전기차 화재의 절반 이상이 고전압 배터리에서 발생했지만, 화재를 예방할 수 있는 검사가 가능한 검사소는 전국 10곳 가운데 3곳뿐이라고 조오섭 의원은 지적했다.전기차 배터리 안전성 검사 장비를 보유한 안전검사소는 지난달 기준 전국 1972곳 가운데 교통안전공단이 운영하는 검사소 59곳과 출장 검사소 30곳, 민간 검사소 519곳 등 608곳(30.8%) 뿐이다.조 의원은 ""전기차 정비 인프라와 관련 제도가 전기차 보급 속도를 따라가지 못하고 있어 시급한 보완이 필요하다""고 말했다.※CBS노컷뉴스는 여러분의 제보로 함께 세상을 바꿉니다. 각종 비리와 부당대우, 사건사고와 미담 등 모든 얘깃거리를 알려주세요.이메일 : jebo@cbs.co.kr카카오톡 : @노컷뉴스사이트 : https://url.kr/b71afn",https://n.news.naver.com/mnews/article/079/0003816112?sid=103
9,"LG화학, 中화유그룹과 LFP 양극재 사업 진출…모로코에 공장 짓는다",2023-09-24 14:02:01,서울경제,"5만톤 규모 LFP 양극재 생산···2026년부터 가동북미 공급용···IRA 요건에 따라 지분 비율 조정인니에는 제련·전구체 공장···""양극재 소재 수직 계열화""[서울경제] LG화학(051910)이 중국 화유그룹과 손잡고 리튬·인산·철(LFP) 양극재 사업에 본격 진출한다. 미국과 자유무역협정(FTA)을 맺은 모로코에 공장을 짓고 2026년부터 양산할 계획이다. 인도네시아에는 전구체 공장을 신설하는 등 양극재 소재의 수직계열화로 경쟁력을 확보한다는 방침이다.LG화학은 중국 화유그룹과 양극재 공급망에 대한 포괄적 업무협약(MOU)을 체결했다고 24일 밝혔다. 양사는 LFP 양극재 시장에 진출하는 등 세 가지 사업을 함께 진행한다.LG화학과 화유그룹 산하 유산은 모로코에 연산 5만 톤 규모의 LFP 양극재 합작 공장을 짓는다. 연산 5만 톤은 보급형 전기차 50만 대에 필요한 양극재를 만들 수 있는 양이다. 합작공장은 2026년 양산을 목표로 수 천억 원을 투자해 짓는다.이 공장에서 생산되는 LFP는 북미 지역에 공급될 예정이다. LG화학 관계자는 ""모로코는 미국과 FTA를 맺어 인플레이션 감축법(IRA) 보조금 요건도 충족한다""며 ""합작사의 지분 비율은 IRA 요건에 따라 조정할 예정""이라고 말했다.LFP 양극재는 주로 보급형 전기차에 쓰이는 배터리 소재로 니켈·코발트·망간(NCM) 양극재보다 에너지 밀도는 낮지만 가격 경쟁력이 높아 고객사 수요가 늘어나는 추세다. 테슬라, 포드, BMW, 현대차 등 유력 완성차 업체들도 자사 일부 모델에 LFP 배터리를 채택하겠다고 발표했다.그동안 NCM 삼원계 배터리에 주력했던 국내 양극재 기업들도 LFP 양극재 개발에 속도를 내고 있다. LG화학뿐 아니라 포스코퓨처엠, 에코프로비엠, 엘앤에프 등도 LFP 양극재 사업을 추진 중이다. LG화학은 추후 LFP에 망간을 더해 용량과 출력을 높인 LMFP 양극재 등으로 사업을 확장할 계획이다.LG화학은 또 모로코에서 화유그룹 산하 화유코발트와 리튬 컨버전 플랜트 사업도 추진한다. 컨버전 플랜트란 리튬 정광(리튬 광석을 가공해 농축한 고순도 광물)에서 양극재 생산에 필요한 수산화리튬과 탄산리튬을 추출하는 시설이다. 모로코 리튬 컨버전 플랜트는 2025년까지 연산 5만 2000톤의 리튬 양산 체제를 마련해 모로코 LFP 공장에 리튬을 공급할 계획이다.LG화학과 화유코발트는 이와 함께 인도네시아에서 니켈 제련·전구체를 아우르는 양극재 수직계열화를 위해 협력하기로 했다. 신학철 LG화학 부회장은 “모로코 양극재 공장을 글로벌 거점으로 삼아 새롭게 떠오르는 LFP 양극재 시장에 적극 대응하겠다”며 “원재료에서 전구체, 양극재까지 이어지는 소재 수직 계열화 체계를 공고히 해 글로벌 전지소재 기업으로서 기반을 다져나갈 것""이라고 말했다.",https://n.news.naver.com/mnews/article/011/0004242204?sid=101
10,나스닥은 '만스닥' 됐는데 '천스닥' 바라만 보는 코스닥…왜?,2023-09-24 11:40:00,머니투데이,"[MT리포트-코스닥 엑소더스]②[편집자주] 2차 전지를 비롯한 기술주 랠리 속 코스닥 시장이 활황을 맞았다. 올해 코스닥 시장은 거래대금과 지수 상승률 모두 형님인 코스피를 앞섰다. 그러나 코스닥 시장 활황에 힘입어 성장한 기업들은 시가총액이 커지자 일제히 코스닥 시장을 등지고 있다. 코스피 2부 리그라는 꼬리표는 언제쯤 뗄 수 있을까.  코스닥 시장 기업 이탈 잔혹사를 살펴보고 대안을 모색해본다.출범 27년을 맞는 코스닥 시장은 IT, 바이오, 엔터테인먼트 등 한국 첨단기술·문화의 발전과 그 궤를 같이 해왔다. 과거  IT 버블로 인해 지수가 2000을 넘긴 적도 있지만,  2000년대 이후로는 기준 지수인 1000선에도 못 미치는 날이 이어지고 있다. 미국 나스닥 시장이 꿈의 지수인 1만선을 넘어 '만스닥'이 된지 3년째이지만, 코스닥 시장은 여전히 1000선만 바라보는 답보 상태다.━코스피 거래대금 앞질러도…지수 탄력 못 받는 코스닥━코스닥 시장은 1996년 7월 개장해 지난 7월로 만 27주년이 됐다. 그러나 IT 버블이 걷힌 2000년 이후 코스닥 지수가 기준점인 1000선을 한 번이라도 넘은 것은 2021년과 2022년 뿐이다. 그마저도 시가와 종가가 모두 1000선을 넘는 것은 실패했다. 현재 코스닥 지수 산출법은 나스닥 지수와 거의 유사한 시가총액식 방법이다. 비교시점의 유동시가총액을 기준시점의 유동시가총액으로 나눈 값에 기준 지수인 1000을 곱해 산출한다. 코스닥 지수 최초 개발 당시에는 기준지수가 100이었지만, 2004년 1월부터 1000으로 변경했다. 미국의 나스닥을 포함한 세계 여러 지수들이 이러한 시가총액 가중 방식을 이용해 산출된다.일부 기업들 코스피 이전 상장으로 인해 코스닥 시가총액이 줄더라도, 지수 하락과 직결되진 않는다. 기준시점과 비교시점의 시가총액 모두에서 시총 변동이 반영되기 때문이다. 코스닥 지수가 만년 '천스닥 바라기'인 이유는 시가총액이 줄어드는 문제보다는 시장 주목도가 높은 기업들이 코스피 시장으로 빠져나가면서 시장 전체가 상승동력을 잃는다는데 있다.   올해 코스닥 시장은 형님인 코스피 시장보다 주목받았다. 에코프로그룹(에코프로비엠, 에코프로)을 위시한 이차전지 업종 랠리가 소재, 장비주 등으로 온기를 확산하면서 코스닥 지수 거래대금은 역대급으로 증가했고 지수 역시 함께 치솟았다. 올해 1월3일 660.32까지 빠졌던 코스닥 지수는 이차전지주 랠리 속 지난 7월26일 956.40까지 오르며 '천스닥(코스닥 지수 1000)' 시대 기대감을 키웠다. 종가 기준으로도 올 들어 코스닥 지수 상승률은 30%로, 코스피(14.5%)를 웃돈다. 거래대금도 코스피보다 많다. 올해 들어 지난 19일까지 코스닥 시장 일평균 거래대금은 10조7704억원으로,코스피(9조9892억원)를 앞질렀다. 그러나 코스닥 시장 활황을 이끈 대표 기업들이 일제히 빠져나간다면 시장이 활력을 잃으면서 다시 부진에 빠질 가능성이 높다. ━대형주 이탈에 늘 실적 부담, 구조적 성장 어려워━코스닥이 벤치마킹한 미국 나스닥의 경우 지난 10년간 꾸준히 성장했다. 나스닥 지수는 2013년 10월 3000선에서 2021년 1만6000선까지 치솟아 5배 이상 증가했다. 등락이 있긴 했지만 2020년 처음 1만선을 돌파한 이후 현재까지 1만선 위에서 거래되고 있다.  나스닥은 기술주 시장이라는 특성을 잘 살려 글로벌 2위 거래소로 거듭났다. 애플, 테슬라, 아마존, 마이크로소프트 등 나스닥 지수 상승을 이끈 빅테크 기업들은 체급이 커진 이후에도 시장과 함께 동반 성장한다. 코스닥 상장사들이 장르 불문하고 덩치가 커지면 시장을 등지는 것과 대조된다.  대형주가 빠진 코스닥 시장에 실체 없는 테마주와 적자 기업, 한계 기업들이 기승을 부리는 것도 시장 발전을 저해한다. 김정윤 대신증권 연구원은 ""기본적으로 실적이 뒷받침 돼야 수급이 유입되면서 기업 주가가 상승할 수 있다""며 ""현재 코스닥 시장은 실적 가시성이 코스피 시장에 비해 상대적으로 부족해 구조적 성장이 어렵다""고 지적했다.",https://n.news.naver.com/mnews/article/008/0004942145?sid=101
11,전기차 화재 3년 새 3배 늘어…절반은 ‘고전압 배터리’서 발생,2023-09-24 11:27:03,한겨레,"전기차 보급 규모가 확대되면서 전기차 화재 건수도 3년 만에 3배 수준으로 늘어난 것으로 나타났다. 화재의 절반 이상은 ‘고전압 배터리’ 때문에 발생했다.24일 한국교통안전공단 자동차안전연구원이 국회 국토교통위원회 소속 조오섭 더불어민주당 의원에게 제출한 자료를 보면, 올해 전기차 화재는 지난달까지 모두 34건 발생한 것으로 나타났다. 2020년 12건, 2021년 15건, 2022년 33건이었던 전기차 화재 건수와 견주면, 지난달에 이미 2022년 발생 수준을 넘어선 셈이다. 최근 전기차 보급 규모가 확대되면서 화재 발생 건수도 늘어난 것으로 풀이된다. 국내 신규 등록 전기차는 2020년 4만6623대→2021년 10만355대→2022년 16만4324대로 꾸준히 늘고 있다. 올해는 지난달까지 10만3356대의 전기차가 신규 등록됐다. 화재 발생 원인의 절반 이상을 ‘배터리’가 차지했다. 2020년 이후 지금까지 누적된 화재 발생 건수(94건) 중 가장 많은 51건(54.3%)의 화재가 ‘고전압 배터리’에서 발생한 것으로 나타났다. 27건(28%)은 커넥터와 운전선 열선 등 차량 기타 부품에서 불이 났다. 나머지 16건(17%)은 전기차 자체가 아니라, 휴대용 충전기나 블랙박스 보조배터리 같은 차량 액세서리에서 화재가 발생했다. 차량 제작사별로 화재 발생 건수를 살펴보면, 현대자동차가 40건(42.6%), 기아가 14건(14.9%) 순으로 나타났다. 아우디에서 7건(7.4%), 테슬라에서 6건(6.4%)이 발생했다. 지난달 기준 누적 보급된 전기차(48만8216대)는 현대차가 21만4093대(43.9%)로 가장 많고, 기아는 13만5866대(27.8%)로 그 뒤를 따른다. 테슬라(5만2116대, 10.6%), 메르세데스-벤츠(1만2546대), BMW(1만1285대), 아우디(5344대, 1.1%) 순이다. 전기차 화재의 절반 정도가 배터리 문제로 발생하지만, 전기차 배터리 안전성 검사 장비를 갖춘 안전검사소는 10곳 중 3곳 정도에 그치는 것으로 나타났다. 자동차 고전압 전기·전자장치 검사가 가능한 안전검사소는 지난달 기준 전국 안전검사소 1972곳 가운데 608곳(30.8%)에 그친다. 교통안전공단이 운영하는 검사소 59곳, 출장 검사소 30곳, 민간검사소 519곳 등이다. ",https://n.news.naver.com/mnews/article/028/0002657928?sid=103
12,전기차 보급 확대에 화재도 3년새 3배 증가,2023-09-24 10:31:28,KBS,"최근 수년간 전기차 보급이 급속도로 확대되면서 전기차 화재가 3년 만에 3배 수준으로 늘었습니다. 한국교통안전공단 자동차안전연구원이 국회 국토교통위원회 소속 더불어민주당 조오섭 의원에게 제출한 자료를 보면 올해 들어 지난달까지 발생한 전기차 화재는 모두 34건으로 집계됐습니다. 전기차 화재는 지난 2020년 12건, 2021년 15건이었다가 지난해 33건으로 늘었습니다. 올해는 8월까지 발생한 건수만 이미 지난해 수준을 넘어서며 더욱 늘어나는 추세입니다. 국내 신규 등록 전기차는 2020년 4만 6,623대에서 2021년 10만 355대로 배 넘게 늘었고, 지난해에는 16만 4,324대로 더 증가했습니다. 올해는 전기차 판매가 다소 둔화하며 지난달까지 10만 3,356대가 등록됐습니다. 2020년 이후 지난달까지 발생한 전기차 화재는 모두 94건입니다. 94건 가운데 절반이 넘는 51건(54.3%)은 '고전압 배터리'가 화재 원인으로 지목 됐습니다. 27건(28%)은 차량 기타 부품(커넥터, 운전석 열선 등)에서 불이 난 경우였고, 16건(17%)은 블랙박스 보조배터리, 휴대용 충전기 등 차량에 장착된 액세서리 등에서 불이 나 전기차 자체의 안전 문제라고는 보기 어려운 '외부 요인'이 원인이었습니다. 2020년 이후 전기차 화재 94건을 차량 제작사별로 보면 현대자동차(코나 EV·포터2 EV·아이오닉5 등)가 40건(42.6%), 기아(봉고3 EV·쏘울 EV 등)가 14건(14.9%)이었습니다. 수입차 중에서는 폭스바겐 그룹 아우디 E-트론에서 7건(7.4%), 테슬라 모델 3·X·Y 등에서 6건(6.4%) 있었습니다. 국토교통부 통계를 보면 지난달 기준 누적 보급된 전기차 48만 8,216대 가운데 현대차가 21만4,093대(43.9%)로 가장 많고, 기아는 13만 5,866대(27.8%)입니다. 테슬라(5만 2,116대, 10.6%), 메르세데스-벤츠(1만 2,546대), BMW(1만 1,285대), 아우디(5,344대, 1.1%) 등을 포함한 수입 브랜드 전기차가 12만 2,376대(25.1%)로 뒤를 잇습니다. 최근 3년여간 전기차 화재의 절반 이상은 고전압 배터리에서 발생했지만, 정작 이런 화재를 예방할 수 있는 검사가 가능한 검사소는 전국 10곳 가운데 3곳뿐이라고 조오섭 의원은 지적했습니다. 조 의원에 따르면 전기차 배터리 안전성 검사 장비를 보유한 안전검사소는 지난달 기준 전국 1,972곳 가운데 교통안전공단이 운영하는 검사소 59곳과 출장 검사소 30곳, 민간 검사소 519곳 등 608곳(30.8%)입니다. 이들 검사소는 공단에서 지난해 8월 개발한 전자장치진단기(KADIS)를 갖춰 국내 모든 자동차의 고전압 전기·전자장치에 대한 검사를 할 수 있습니다. 아울러 조 의원은 일부 외국 전기차 제작사가 교통안전공단에 기술 유출 우려와 법적 근거가 불명확한 점 등을 이유로 전자장치 진단 자료를 제공하지 않아 배터리 상태 확인이 어려운 실정이라고도 밝혔습니다. 또 전기차 정기 안전 검사에 배터리 안전성에 대한 의무 검사 조항이 없는 점도 문제로 지적했습니다. 조 의원은 ""전기차 정비 인프라와 관련 제도가 전기차 보급 속도를 따라가지 못하고 있어 시급한 보완이 필요하다""고 말했습니다.[사진 출처 : 연합뉴스]■ 제보하기▷ 전화 : 02-781-1234, 4444▷ 이메일 : kbs1234@kbs.co.kr▷ 카카오톡 : 'KBS제보' 검색, 채널 추가▷ 네이버, 유튜브에서 KBS뉴스를 구독해주세요!",https://n.news.naver.com/mnews/article/056/0011572313?sid=101
13,올해 전기차 화재 벌써 34건…`고전압 배터리` 발화 多,2023-09-24 10:18:07,디지털타임스,"車 안전검사소 10곳 중 3곳서만 '배터리 검사' 가능조오섭 의원 ""전기차 보급에 비해 뒤처진 인프라·제도 보완 시급""전기차 보급에 속도가 붙으면서 전기차 화재 사고가 3년 만에 3배 수준으로 증가한 것으로 집계됐다.24일 국회 국토교통위원회 소속 더불어민주당 조오섭 의원이 한국교통안전공단 자동차안전연구원으로부터 받은 자료에 따르면, 올해 8월까지 전기차 화재는 34건 발생했다.전기차 화재는 지난 2020년 12건, 2021년 15건으로 10여건에 머물다가 작년 33건으로 급증했고, 올해는 8월까지 이미 지난해 수준을 넘었다.국내 신규 등록 전기차는 △2020년 4만6623대 △2021년 10만355대 △2022년 16만4324대로 매년 급증했다가, 올해는 전기차 판매가 다소 둔화하며 지난달까지 10만3356대가 등록에 그쳤다. 2020년 이후 지난달까지 발생한 전기차 화재 94건 중 51건(54.3%)의 화재가 '고전압 배터리'에서 발생해 전체 전기차 화재 중 절반 이상은 배터리가 원인으로 지목됐다. 이어 27건(28%)은 차량 기타 부품(커넥터, 운전석 열선 등), 16건(17%)은 블랙박스 보조배터리, 휴대용 충전기 등 차량에 장착된 액세서리 등에서 불이 나 전기차 때문이 아닌 '외부 요인'으로 인한 화재였다.차량 제작사별로 보면 현대자동차(코나 EV·포터2 EV·아이오닉5 등)가 40건(42.6%), 기아(봉고3 EV·쏘울 EV 등)가 14건(14.9%)이었다.수입차 중에서는 폭스바겐그룹 아우디 E-트론에서 7건(7.4%), 테슬라 모델 3·X·Y 등에서 6건(6.4%) 있었다. 기아와 테슬라 전기차가 보급대수에 비해 상대적으로 화재가 적었다.조 의원 츳은 최근 3년여간 전기차 화재의 절반 이상은 고전압 배터리에서 발생했지만, 정작 이런 화재를 예방할 수 있는 검사가 가능한 검사소는 전국 10곳 가운데 3곳뿐이라는 부분을 지적했다.전기차 배터리 안전성 검사 장비를 보유한 안전검사소는 지난달 기준 전국 1972곳 가운데 교통안전공단이 운영하는 검사소 59곳과 출장 검사소 30곳, 민간 검사소 519곳 등 608곳(30.8%)이다. 조 의원은 ""일부 외국 전기차 제작사가 교통안전공단에 기술 유출 우려와 법적 근거가 불명확한 점 등을 이유로 전자장치 진단 자료를 제공하지 않아 배터리 상태 확인이 어려운 실정""이라며 ""전기차 정기 안전 검사에 배터리 안전성에 대한 의무 검사 조항이 없는 점도 문제다. 전기차 정비 인프라와 관련 제도가 전기차 보급 속도를 따라가지 못하고 있어 시급한 보완이 필요하다""고 말했다.   ",https://n.news.naver.com/mnews/article/029/0002826993?sid=103
14,'드레스 대신 안전모'…원자력 홍보대사 자처한 미스 아메리카,2023-09-24 16:18:24,연합뉴스,"원자력공학 전공 대학생 스탠키 ""원자력, 사람 살리고 전력도 제공해""    스탠키는 ""원자력은 (영화 속) 고질라를 만든 것처럼 항상 악역이었다""며 ""원자력에 대해 문제로 거론된 것들은 사실 잘못된 것이 아니었다. 오히려 원자력은 훌륭한 선물인데, 우리는 이에 등을 돌렸다""라고 주장했다.    그는 이어 ""미국인들은 새 자동차, 새 TV를 원하고 끊임없는 기술 변화를 추구하고 있다""며 ""이제 원자력이 무엇이 잘못된 것이었는지 스스로에게 질문해야 한다""고 강조했다.    한때 미국에선 원자력에 대한 매우 친근한 이미지가 조성된 바 있다고 WSJ은 소개했다.    1957년 월트 디즈니 TV시리즈 '우리 친구 원자'(Our Friend the Atom)가 방영되는가 하면, 버섯구름 장식을 한 수영복 차림의 여성이 '미스 원자폭탄' 홍보 사진에 등장하는 등 1950년대 원자력은 경제적 이득을 줄 미래형 기술로서 화려한 이미지였다.    그러나 원자력이 주목받는 동시에 반핵 운동도 확산하기 시작했다. 1951년도 미스 아메리카 욜란드 벳베즈 폭스도 반핵운동에 동참했던 것으로 전해진다.    현재 원자력을 향한 미국인들의 시선은 양분돼 있으나 에너지 가격 상승 등의 영향 탓인지 좀 더 긍정적으로 바뀌는 추세다.    지난달 9일 발표된 퓨리서치센터 여론조사에 따르면 미국인 57%가 원자력을 선호한다고 답했다. 2020년 43%보다 높아진 비율이다.    조 바이든 미 대통령은 2035년까지 '100% 청정에너지'를 달성하겠다고 공약했는데, 원전이 사실상 탄소 배출이 없는 전기를 생산하는 핵심 발전원이라고 보고 원전 유지 및 확대에 힘쓰고 있다.    cherora@yna.co.kr",https://n.news.naver.com/mnews/article/001/0014215227?sid=104
15,"LG화학, 중 화유그룹과 중저가 전기차 배터리 소재 합작",2023-09-24 15:21:01,한겨레,"모로코에 합작 공장 짓기로엘지(LG)화학이 중국의 화유그룹과 손잡고 리튬인산철(LFP) 배터리 양극재 사업에 본격 진출한다. 엘지화학은 22일 중국 화유그룹과 양극재 공급망에 대한 포괄적 업무협약(MOU)을 체결했다고 24일 밝혔다. 이번 업무협약으로 엘지화학과 화유그룹 산하 ‘유산’은 모로코에 연산 5만톤 규모의 리튬인산철(LFP) 배터리 양극재 합작 공장을 짓는다. 2026년 양산이 목표다. 5만톤은 보급형 전기차 50만대(350㎞ 주행 가능한 배터리 용량 50kWh 탑재 전기차 기준)에 필요한 배터리 양극재를 만들 수 있는 규모로 북미 지역에 공급할 예정이다. 국내 이차전지 업체의 주력 제품인 삼원계(니켈·코발트·망간, NCM) 배터리 쪽에 집중하던 엘지화학은 이번 사업을 통해 리튬인산철 배터리 쪽으로도 진출한다는 계획이다. 리튬인산철 배터리는 중국 업체들이 주력으로 만들고 있는 제품이다. 리튬인산철 양극재는 주로 보급형 전기차에 쓰이는 배터리 소재로, 삼원계 배터리 양극재보다 에너지 밀도가 낮아 주행거리가 짧지만 상대적으로 가격이 저렴하다는 장점이 있다. 미국 전기차 업체 테슬라가 전체 차종에 리튬인산철 배터리를 탑재하기로 하는 등 최근 수요가 빠르게 늘고 있다. 유진투자증권은 승용 전기차 기준 리튬인산철 배터리 점유율은 2018년 7%에서 2019년 3%, 2020년 6%로 정체됐다가 2021년 17%, 2022년 27%로 급상승했다고 최근 밝혔다. 한병화 유진투자증권 연구원은 “향후 시장 성장을 위해서는 중저가 전기차가 중심이 되어야 한다는 컨센서스가 형성되고 있다. 중저가 전기차를 대량으로 판매하면서도 일정 수준 이익을 지키려면 리튬인산철 배터리 채택을 늘릴 수밖에 없다”고 분석했다. 모로코는 리튬인산철 배터리 양극재의 핵심 원료가 되는 인광석이 약 500억톤 정도 매장돼있어 전 세계 매장량 1위(73%)를 차지한다. 모로코는 미국과 자유무역협정(FTA)을 체결한 나라여서, 미국 인플레이션감축법(IRA) 보조금 지급 요건도 충족한다.다만 엘지화학과 화유는 미 인플레이션감축법 해외우려집단(FEOC) 규정이 정해지는 대로 투자 지분 비율을 조정한다는 방침이다. 엘지화학 투자금은 수천억원대가 될 것으로 추정된다. 또 화유그룹 산하 화유코발트와 모로코에 2025년까지 연산 5만2천톤의 리튬 양산 체제를 마련해 모로코 리튬인산철 배터리 양극재 공장에 리튬을 공급할 계획이다. 엘지화학은 앞으로 리튬인산철에 망간을 더해 용량과 출력을 높인 리륨망간인산철 배터리 양극재로 사업을 확장할 계획이다. 신학철 엘지화학 부회장은 “모로코 양극재 공장을 거점으로 삼아 새롭게 떠오르는 리튬인산철 배터리 양극재 시장에 적극 대응하겠다”고 말했다.아울러, 엘지화학은 화유코발트와 인플레이션감축법 충족을 전제로 인도네시아에도 진출한다. 두 회사는 니켈 매장량·생산량 1위인 인도네시아에서 니켈 제련·전구체를 아우르는 양극재 수직계열화에 협력한다는 방침이다. ",https://n.news.naver.com/mnews/article/028/0002657954?sid=101
16,끄기 어려운 '전기차 화재'…3년새 3배 증가,2023-09-24 14:55:34,일간스포츠,"사고의 절반 이상 ‘배터리’가 원인전국 안전검사소 10곳 중 3곳서만 배터리 검사 가능조 의원 ""인프라·제도 보완 시급""전기차 보급이 늘면서 화재 사고도 급증한 것으로 나타났다.24일 한국교통안전공단이 국회 국토교통위원회 소속 더불어민주당 조오섭 의원에게 제출한 자료를 보면 올해 들어 지난달까지 발생한 전기차 화재는 모두 34건으로 집계됐다.전기차 화재는 지난 2020년 12건, 2021년 15건이었다가 지난해 33건으로 늘었다. 올해는 8월까지 발생한 건수만 이미 지난해 수준을 넘어서며 더욱 늘어나는 추세다.전기차는 유해 배기가스를 배출하지 않는다는 장점이 있지만 배터리 화재 발생 시 리튬이온 배터리 열폭주 현상 때문에 진압이 어렵다. 몇시간이 걸리는 경우도 있다.최근 전기차 보급 규모가 확대되면서 화재 발생 건수도 늘어난 것으로 풀이된다. 국내 신규 등록 전기차는 2020년 4만6623대에서 2021년 10만355대로 배 넘게 늘었고, 지난해에는 16만4324대로 더 증가했다. 올해는 전기차 판매가 다소 둔화하며 지난달까지 10만3356대가 등록됐다.화재 발생 원인의 절반 이상은 '배터리'가 차지했다. 2020년 이후 지금까지 누적된 화재 발생 건수(94건) 중 가장 많은 51건(54.3%)의 화재가 ‘고전압 배터리’에서 발생한 것으로 나타났다. 이어 27건(28%)은 커넥터와 운전선 열선 등 차량 기타 부품에서 불이 났다. 나머지 16건(17%)은 전기차 자체가 아니라, 휴대용 충전기나 블랙박스 보조배터리 같은 차량 액세서리에서 화재가 발생했다.차량 제작사별로 화재 발생 건수를 살펴보면, 현대자동차가 40건(42.6%), 기아가 14건(14.9%) 순으로 나타났다. 아우디에서 7건(7.4%), 테슬라에서 6건(6.4%)이 발생했다. 전기차 화재 대부분이 배터리 문제로 발생하지만, 전기차 배터리 안전성 검사 장비를 갖춘 안전검사소는 10곳 중 3곳 정도에 그치는 것으로 나타났다. 자동차 고전압 전기·전자장치 검사가 가능한 안전검사소는 지난달 기준 전국 안전검사소 1972곳 가운데 608곳(30.8%)에 그친다. 조오섭 의원은 ""전기차 정기 안전 검사에 배터리 안전성에 대한 의무 검사 조항이 없는 점도 문제""라며 ""전기차 정비 인프라와 관련 제도가 전기차 보급 속도를 따라가지 못하고 있어 시급한 보완이 필요하다""고 지적했다.안민구 기자 amg9@edaily.co.kr",https://n.news.naver.com/mnews/article/241/0003302501?sid=103
17,전기차 화재 급증…절반은 '고전압 배터리' 발화,2023-09-24 14:12:01,노컷뉴스,"올해 전기차 화재 지난달까지 34건2020년부터 누적 화재는 총 94건화재 54.3% 고전압 배터리서 발생전기차 보급이 확대되면서 화재 사고 역시 짧은 기간 크게 늘어난 것으로 나타났다.24일 한국교통안전공단 자동차안전연구원이 국회 국토교통위원회 소속 더불어민주당 조오섭 의원에게 제출한 자료에 따르면, 올해 들어 지난달까지 전기차 화재는 34건 발생했다.전기차 화재는 2020년 12건, 2021년 15건이었다가 지난해 33건으로 급증했는데, 올해는 8월까지 발생한 건수만 이미 지난해 수준을 넘어섰다.국내 신규 등록 전기차는 2020년 4만6623대에서 2021년 10만355대로 늘었고, 지난해에는 16만4324대로 더 증가했다.전기차 화재는 2020년부터 지난달까지 누적 94건 발생했다. 그중 16건(17%)은 블랙박스 보조배터리, 휴대용 충전기 등 차량에 장착된 액세서리 등에서 불이 나 전기차 자체의 안전 문제라고는 보기 어려운 '외부 요인'이 원인이었다.나머지 78건 중에서는 51건(54.3%)의 화재가 '고전압 배터리'에서 발생했다. 전체 전기차 화재 중 절반 이상은 배터리가 원인인 셈이다.다른 27건(28%)은 차량 기타 부품(커넥터·운전석 열선 등)에서 불이 난 경우였다. 제작사별로 보면 현대자동차(코나 EV·포터2 EV·아이오닉5 등)가 40건(42.6%), 기아(봉고3 EV·쏘울 EV 등)가 14건(14.9%)이었다.수입차 중에서는 폭스바겐그룹 아우디 E-트론에서 7건(7.4%), 테슬라 모델 3·X·Y 등에서 6건(6.4%) 의 화재가 있었다.최근 3년여간 전기차 화재의 절반 이상이 고전압 배터리에서 발생했지만, 화재를 예방할 수 있는 검사가 가능한 검사소는 전국 10곳 가운데 3곳뿐이라고 조오섭 의원은 지적했다.전기차 배터리 안전성 검사 장비를 보유한 안전검사소는 지난달 기준 전국 1972곳 가운데 교통안전공단이 운영하는 검사소 59곳과 출장 검사소 30곳, 민간 검사소 519곳 등 608곳(30.8%) 뿐이다.조 의원은 ""전기차 정비 인프라와 관련 제도가 전기차 보급 속도를 따라가지 못하고 있어 시급한 보완이 필요하다""고 말했다.※CBS노컷뉴스는 여러분의 제보로 함께 세상을 바꿉니다. 각종 비리와 부당대우, 사건사고와 미담 등 모든 얘깃거리를 알려주세요.이메일 : jebo@cbs.co.kr카카오톡 : @노컷뉴스사이트 : https://url.kr/b71afn",https://n.news.naver.com/mnews/article/079/0003816112?sid=103
18,"LG화학, 中화유그룹과 LFP 양극재 사업 진출…모로코에 공장 짓는다",2023-09-24 14:02:01,서울경제,"5만톤 규모 LFP 양극재 생산···2026년부터 가동북미 공급용···IRA 요건에 따라 지분 비율 조정인니에는 제련·전구체 공장···""양극재 소재 수직 계열화""[서울경제] LG화학(051910)이 중국 화유그룹과 손잡고 리튬·인산·철(LFP) 양극재 사업에 본격 진출한다. 미국과 자유무역협정(FTA)을 맺은 모로코에 공장을 짓고 2026년부터 양산할 계획이다. 인도네시아에는 전구체 공장을 신설하는 등 양극재 소재의 수직계열화로 경쟁력을 확보한다는 방침이다.LG화학은 중국 화유그룹과 양극재 공급망에 대한 포괄적 업무협약(MOU)을 체결했다고 24일 밝혔다. 양사는 LFP 양극재 시장에 진출하는 등 세 가지 사업을 함께 진행한다.LG화학과 화유그룹 산하 유산은 모로코에 연산 5만 톤 규모의 LFP 양극재 합작 공장을 짓는다. 연산 5만 톤은 보급형 전기차 50만 대에 필요한 양극재를 만들 수 있는 양이다. 합작공장은 2026년 양산을 목표로 수 천억 원을 투자해 짓는다.이 공장에서 생산되는 LFP는 북미 지역에 공급될 예정이다. LG화학 관계자는 ""모로코는 미국과 FTA를 맺어 인플레이션 감축법(IRA) 보조금 요건도 충족한다""며 ""합작사의 지분 비율은 IRA 요건에 따라 조정할 예정""이라고 말했다.LFP 양극재는 주로 보급형 전기차에 쓰이는 배터리 소재로 니켈·코발트·망간(NCM) 양극재보다 에너지 밀도는 낮지만 가격 경쟁력이 높아 고객사 수요가 늘어나는 추세다. 테슬라, 포드, BMW, 현대차 등 유력 완성차 업체들도 자사 일부 모델에 LFP 배터리를 채택하겠다고 발표했다.그동안 NCM 삼원계 배터리에 주력했던 국내 양극재 기업들도 LFP 양극재 개발에 속도를 내고 있다. LG화학뿐 아니라 포스코퓨처엠, 에코프로비엠, 엘앤에프 등도 LFP 양극재 사업을 추진 중이다. LG화학은 추후 LFP에 망간을 더해 용량과 출력을 높인 LMFP 양극재 등으로 사업을 확장할 계획이다.LG화학은 또 모로코에서 화유그룹 산하 화유코발트와 리튬 컨버전 플랜트 사업도 추진한다. 컨버전 플랜트란 리튬 정광(리튬 광석을 가공해 농축한 고순도 광물)에서 양극재 생산에 필요한 수산화리튬과 탄산리튬을 추출하는 시설이다. 모로코 리튬 컨버전 플랜트는 2025년까지 연산 5만 2000톤의 리튬 양산 체제를 마련해 모로코 LFP 공장에 리튬을 공급할 계획이다.LG화학과 화유코발트는 이와 함께 인도네시아에서 니켈 제련·전구체를 아우르는 양극재 수직계열화를 위해 협력하기로 했다. 신학철 LG화학 부회장은 “모로코 양극재 공장을 글로벌 거점으로 삼아 새롭게 떠오르는 LFP 양극재 시장에 적극 대응하겠다”며 “원재료에서 전구체, 양극재까지 이어지는 소재 수직 계열화 체계를 공고히 해 글로벌 전지소재 기업으로서 기반을 다져나갈 것""이라고 말했다.",https://n.news.naver.com/mnews/article/011/0004242204?sid=101
19,나스닥은 '만스닥' 됐는데 '천스닥' 바라만 보는 코스닥…왜?,2023-09-24 11:40:00,머니투데이,"[MT리포트-코스닥 엑소더스]②[편집자주] 2차 전지를 비롯한 기술주 랠리 속 코스닥 시장이 활황을 맞았다. 올해 코스닥 시장은 거래대금과 지수 상승률 모두 형님인 코스피를 앞섰다. 그러나 코스닥 시장 활황에 힘입어 성장한 기업들은 시가총액이 커지자 일제히 코스닥 시장을 등지고 있다. 코스피 2부 리그라는 꼬리표는 언제쯤 뗄 수 있을까.  코스닥 시장 기업 이탈 잔혹사를 살펴보고 대안을 모색해본다.출범 27년을 맞는 코스닥 시장은 IT, 바이오, 엔터테인먼트 등 한국 첨단기술·문화의 발전과 그 궤를 같이 해왔다. 과거  IT 버블로 인해 지수가 2000을 넘긴 적도 있지만,  2000년대 이후로는 기준 지수인 1000선에도 못 미치는 날이 이어지고 있다. 미국 나스닥 시장이 꿈의 지수인 1만선을 넘어 '만스닥'이 된지 3년째이지만, 코스닥 시장은 여전히 1000선만 바라보는 답보 상태다.━코스피 거래대금 앞질러도…지수 탄력 못 받는 코스닥━코스닥 시장은 1996년 7월 개장해 지난 7월로 만 27주년이 됐다. 그러나 IT 버블이 걷힌 2000년 이후 코스닥 지수가 기준점인 1000선을 한 번이라도 넘은 것은 2021년과 2022년 뿐이다. 그마저도 시가와 종가가 모두 1000선을 넘는 것은 실패했다. 현재 코스닥 지수 산출법은 나스닥 지수와 거의 유사한 시가총액식 방법이다. 비교시점의 유동시가총액을 기준시점의 유동시가총액으로 나눈 값에 기준 지수인 1000을 곱해 산출한다. 코스닥 지수 최초 개발 당시에는 기준지수가 100이었지만, 2004년 1월부터 1000으로 변경했다. 미국의 나스닥을 포함한 세계 여러 지수들이 이러한 시가총액 가중 방식을 이용해 산출된다.일부 기업들 코스피 이전 상장으로 인해 코스닥 시가총액이 줄더라도, 지수 하락과 직결되진 않는다. 기준시점과 비교시점의 시가총액 모두에서 시총 변동이 반영되기 때문이다. 코스닥 지수가 만년 '천스닥 바라기'인 이유는 시가총액이 줄어드는 문제보다는 시장 주목도가 높은 기업들이 코스피 시장으로 빠져나가면서 시장 전체가 상승동력을 잃는다는데 있다.   올해 코스닥 시장은 형님인 코스피 시장보다 주목받았다. 에코프로그룹(에코프로비엠, 에코프로)을 위시한 이차전지 업종 랠리가 소재, 장비주 등으로 온기를 확산하면서 코스닥 지수 거래대금은 역대급으로 증가했고 지수 역시 함께 치솟았다. 올해 1월3일 660.32까지 빠졌던 코스닥 지수는 이차전지주 랠리 속 지난 7월26일 956.40까지 오르며 '천스닥(코스닥 지수 1000)' 시대 기대감을 키웠다. 종가 기준으로도 올 들어 코스닥 지수 상승률은 30%로, 코스피(14.5%)를 웃돈다. 거래대금도 코스피보다 많다. 올해 들어 지난 19일까지 코스닥 시장 일평균 거래대금은 10조7704억원으로,코스피(9조9892억원)를 앞질렀다. 그러나 코스닥 시장 활황을 이끈 대표 기업들이 일제히 빠져나간다면 시장이 활력을 잃으면서 다시 부진에 빠질 가능성이 높다. ━대형주 이탈에 늘 실적 부담, 구조적 성장 어려워━코스닥이 벤치마킹한 미국 나스닥의 경우 지난 10년간 꾸준히 성장했다. 나스닥 지수는 2013년 10월 3000선에서 2021년 1만6000선까지 치솟아 5배 이상 증가했다. 등락이 있긴 했지만 2020년 처음 1만선을 돌파한 이후 현재까지 1만선 위에서 거래되고 있다.  나스닥은 기술주 시장이라는 특성을 잘 살려 글로벌 2위 거래소로 거듭났다. 애플, 테슬라, 아마존, 마이크로소프트 등 나스닥 지수 상승을 이끈 빅테크 기업들은 체급이 커진 이후에도 시장과 함께 동반 성장한다. 코스닥 상장사들이 장르 불문하고 덩치가 커지면 시장을 등지는 것과 대조된다.  대형주가 빠진 코스닥 시장에 실체 없는 테마주와 적자 기업, 한계 기업들이 기승을 부리는 것도 시장 발전을 저해한다. 김정윤 대신증권 연구원은 ""기본적으로 실적이 뒷받침 돼야 수급이 유입되면서 기업 주가가 상승할 수 있다""며 ""현재 코스닥 시장은 실적 가시성이 코스피 시장에 비해 상대적으로 부족해 구조적 성장이 어렵다""고 지적했다.",https://n.news.naver.com/mnews/article/008/0004942145?sid=101
20,전기차 화재 3년 새 3배 늘어…절반은 ‘고전압 배터리’서 발생,2023-09-24 11:27:03,한겨레,"전기차 보급 규모가 확대되면서 전기차 화재 건수도 3년 만에 3배 수준으로 늘어난 것으로 나타났다. 화재의 절반 이상은 ‘고전압 배터리’ 때문에 발생했다.24일 한국교통안전공단 자동차안전연구원이 국회 국토교통위원회 소속 조오섭 더불어민주당 의원에게 제출한 자료를 보면, 올해 전기차 화재는 지난달까지 모두 34건 발생한 것으로 나타났다. 2020년 12건, 2021년 15건, 2022년 33건이었던 전기차 화재 건수와 견주면, 지난달에 이미 2022년 발생 수준을 넘어선 셈이다. 최근 전기차 보급 규모가 확대되면서 화재 발생 건수도 늘어난 것으로 풀이된다. 국내 신규 등록 전기차는 2020년 4만6623대→2021년 10만355대→2022년 16만4324대로 꾸준히 늘고 있다. 올해는 지난달까지 10만3356대의 전기차가 신규 등록됐다. 화재 발생 원인의 절반 이상을 ‘배터리’가 차지했다. 2020년 이후 지금까지 누적된 화재 발생 건수(94건) 중 가장 많은 51건(54.3%)의 화재가 ‘고전압 배터리’에서 발생한 것으로 나타났다. 27건(28%)은 커넥터와 운전선 열선 등 차량 기타 부품에서 불이 났다. 나머지 16건(17%)은 전기차 자체가 아니라, 휴대용 충전기나 블랙박스 보조배터리 같은 차량 액세서리에서 화재가 발생했다. 차량 제작사별로 화재 발생 건수를 살펴보면, 현대자동차가 40건(42.6%), 기아가 14건(14.9%) 순으로 나타났다. 아우디에서 7건(7.4%), 테슬라에서 6건(6.4%)이 발생했다. 지난달 기준 누적 보급된 전기차(48만8216대)는 현대차가 21만4093대(43.9%)로 가장 많고, 기아는 13만5866대(27.8%)로 그 뒤를 따른다. 테슬라(5만2116대, 10.6%), 메르세데스-벤츠(1만2546대), BMW(1만1285대), 아우디(5344대, 1.1%) 순이다. 전기차 화재의 절반 정도가 배터리 문제로 발생하지만, 전기차 배터리 안전성 검사 장비를 갖춘 안전검사소는 10곳 중 3곳 정도에 그치는 것으로 나타났다. 자동차 고전압 전기·전자장치 검사가 가능한 안전검사소는 지난달 기준 전국 안전검사소 1972곳 가운데 608곳(30.8%)에 그친다. 교통안전공단이 운영하는 검사소 59곳, 출장 검사소 30곳, 민간검사소 519곳 등이다. ",https://n.news.naver.com/mnews/article/028/0002657928?sid=103
21,전기차 보급 확대에 화재도 3년새 3배 증가,2023-09-24 10:31:28,KBS,"최근 수년간 전기차 보급이 급속도로 확대되면서 전기차 화재가 3년 만에 3배 수준으로 늘었습니다. 한국교통안전공단 자동차안전연구원이 국회 국토교통위원회 소속 더불어민주당 조오섭 의원에게 제출한 자료를 보면 올해 들어 지난달까지 발생한 전기차 화재는 모두 34건으로 집계됐습니다. 전기차 화재는 지난 2020년 12건, 2021년 15건이었다가 지난해 33건으로 늘었습니다. 올해는 8월까지 발생한 건수만 이미 지난해 수준을 넘어서며 더욱 늘어나는 추세입니다. 국내 신규 등록 전기차는 2020년 4만 6,623대에서 2021년 10만 355대로 배 넘게 늘었고, 지난해에는 16만 4,324대로 더 증가했습니다. 올해는 전기차 판매가 다소 둔화하며 지난달까지 10만 3,356대가 등록됐습니다. 2020년 이후 지난달까지 발생한 전기차 화재는 모두 94건입니다. 94건 가운데 절반이 넘는 51건(54.3%)은 '고전압 배터리'가 화재 원인으로 지목 됐습니다. 27건(28%)은 차량 기타 부품(커넥터, 운전석 열선 등)에서 불이 난 경우였고, 16건(17%)은 블랙박스 보조배터리, 휴대용 충전기 등 차량에 장착된 액세서리 등에서 불이 나 전기차 자체의 안전 문제라고는 보기 어려운 '외부 요인'이 원인이었습니다. 2020년 이후 전기차 화재 94건을 차량 제작사별로 보면 현대자동차(코나 EV·포터2 EV·아이오닉5 등)가 40건(42.6%), 기아(봉고3 EV·쏘울 EV 등)가 14건(14.9%)이었습니다. 수입차 중에서는 폭스바겐 그룹 아우디 E-트론에서 7건(7.4%), 테슬라 모델 3·X·Y 등에서 6건(6.4%) 있었습니다. 국토교통부 통계를 보면 지난달 기준 누적 보급된 전기차 48만 8,216대 가운데 현대차가 21만4,093대(43.9%)로 가장 많고, 기아는 13만 5,866대(27.8%)입니다. 테슬라(5만 2,116대, 10.6%), 메르세데스-벤츠(1만 2,546대), BMW(1만 1,285대), 아우디(5,344대, 1.1%) 등을 포함한 수입 브랜드 전기차가 12만 2,376대(25.1%)로 뒤를 잇습니다. 최근 3년여간 전기차 화재의 절반 이상은 고전압 배터리에서 발생했지만, 정작 이런 화재를 예방할 수 있는 검사가 가능한 검사소는 전국 10곳 가운데 3곳뿐이라고 조오섭 의원은 지적했습니다. 조 의원에 따르면 전기차 배터리 안전성 검사 장비를 보유한 안전검사소는 지난달 기준 전국 1,972곳 가운데 교통안전공단이 운영하는 검사소 59곳과 출장 검사소 30곳, 민간 검사소 519곳 등 608곳(30.8%)입니다. 이들 검사소는 공단에서 지난해 8월 개발한 전자장치진단기(KADIS)를 갖춰 국내 모든 자동차의 고전압 전기·전자장치에 대한 검사를 할 수 있습니다. 아울러 조 의원은 일부 외국 전기차 제작사가 교통안전공단에 기술 유출 우려와 법적 근거가 불명확한 점 등을 이유로 전자장치 진단 자료를 제공하지 않아 배터리 상태 확인이 어려운 실정이라고도 밝혔습니다. 또 전기차 정기 안전 검사에 배터리 안전성에 대한 의무 검사 조항이 없는 점도 문제로 지적했습니다. 조 의원은 ""전기차 정비 인프라와 관련 제도가 전기차 보급 속도를 따라가지 못하고 있어 시급한 보완이 필요하다""고 말했습니다.[사진 출처 : 연합뉴스]■ 제보하기▷ 전화 : 02-781-1234, 4444▷ 이메일 : kbs1234@kbs.co.kr▷ 카카오톡 : 'KBS제보' 검색, 채널 추가▷ 네이버, 유튜브에서 KBS뉴스를 구독해주세요!",https://n.news.naver.com/mnews/article/056/0011572313?sid=101
22,올해 전기차 화재 벌써 34건…`고전압 배터리` 발화 多,2023-09-24 10:18:07,디지털타임스,"車 안전검사소 10곳 중 3곳서만 '배터리 검사' 가능조오섭 의원 ""전기차 보급에 비해 뒤처진 인프라·제도 보완 시급""전기차 보급에 속도가 붙으면서 전기차 화재 사고가 3년 만에 3배 수준으로 증가한 것으로 집계됐다.24일 국회 국토교통위원회 소속 더불어민주당 조오섭 의원이 한국교통안전공단 자동차안전연구원으로부터 받은 자료에 따르면, 올해 8월까지 전기차 화재는 34건 발생했다.전기차 화재는 지난 2020년 12건, 2021년 15건으로 10여건에 머물다가 작년 33건으로 급증했고, 올해는 8월까지 이미 지난해 수준을 넘었다.국내 신규 등록 전기차는 △2020년 4만6623대 △2021년 10만355대 △2022년 16만4324대로 매년 급증했다가, 올해는 전기차 판매가 다소 둔화하며 지난달까지 10만3356대가 등록에 그쳤다. 2020년 이후 지난달까지 발생한 전기차 화재 94건 중 51건(54.3%)의 화재가 '고전압 배터리'에서 발생해 전체 전기차 화재 중 절반 이상은 배터리가 원인으로 지목됐다. 이어 27건(28%)은 차량 기타 부품(커넥터, 운전석 열선 등), 16건(17%)은 블랙박스 보조배터리, 휴대용 충전기 등 차량에 장착된 액세서리 등에서 불이 나 전기차 때문이 아닌 '외부 요인'으로 인한 화재였다.차량 제작사별로 보면 현대자동차(코나 EV·포터2 EV·아이오닉5 등)가 40건(42.6%), 기아(봉고3 EV·쏘울 EV 등)가 14건(14.9%)이었다.수입차 중에서는 폭스바겐그룹 아우디 E-트론에서 7건(7.4%), 테슬라 모델 3·X·Y 등에서 6건(6.4%) 있었다. 기아와 테슬라 전기차가 보급대수에 비해 상대적으로 화재가 적었다.조 의원 츳은 최근 3년여간 전기차 화재의 절반 이상은 고전압 배터리에서 발생했지만, 정작 이런 화재를 예방할 수 있는 검사가 가능한 검사소는 전국 10곳 가운데 3곳뿐이라는 부분을 지적했다.전기차 배터리 안전성 검사 장비를 보유한 안전검사소는 지난달 기준 전국 1972곳 가운데 교통안전공단이 운영하는 검사소 59곳과 출장 검사소 30곳, 민간 검사소 519곳 등 608곳(30.8%)이다. 조 의원은 ""일부 외국 전기차 제작사가 교통안전공단에 기술 유출 우려와 법적 근거가 불명확한 점 등을 이유로 전자장치 진단 자료를 제공하지 않아 배터리 상태 확인이 어려운 실정""이라며 ""전기차 정기 안전 검사에 배터리 안전성에 대한 의무 검사 조항이 없는 점도 문제다. 전기차 정비 인프라와 관련 제도가 전기차 보급 속도를 따라가지 못하고 있어 시급한 보완이 필요하다""고 말했다.   ",https://n.news.naver.com/mnews/article/029/0002826993?sid=103
23,전기차 불 3년새 3배…54%가 '고전압 배터리' 발화,2023-09-24 09:43:09,SBS,"▲ '전기자동차 실화재 진압 시연회'에서 소방관들이 진화작업을 하는 모습전기차 보급이 급속도로 확대되면서 전기차 화재가 3년 만에 3배 수준으로 늘어난 것으로 나타났습니다.한국교통안전공단 자동차안전연구원이 국회 국토교통위원회 소속 더불어민주당 조오섭 의원에게 제출한 자료에 따르면 올해 들어 지난달까지 전기차 화재는 34건 발생했습니다.전기차 화재는 지난 2020년 12건, 2021년 15건이었다가 지난해 33건으로 급증했습니다.올해는 8월까지 발생한 건수만 이미 지난해 수준을 넘어서며 더욱 늘어나는 추세입니다.국내 신규 등록 전기차는 2020년 4만 6천623대에서 2021년 10만 355대로 배 넘게 늘었고, 지난해에는 16만 4천324대로 더 증가했습니다.올해는 전기차 판매가 다소 둔화하며 지난달까지 10만 3천356대가 등록됐습니다.2020년 이후 지난달까지 전기차 화재는 누적 94건 발생한 것으로 집계됐습니다.94건 가운데 16건은 블랙박스 보조배터리, 휴대용 충전기 등 차량에 장착된 액세서리 등에서 불이 나 전기차 자체의 안전 문제라고는 보기 어려운 '외부 요인'이 원인이었습니다.94건 중 54%인 51건은 불이 '고전압 배터리'에서 발생했습니다.다른 27건은 커넥터나 운전석 열선 등 차량 기타 부품 등에서 불이 난 경우였습니다.국토교통부 통계에 따르면 지난달 기준 누적 보급된 전기차 48만 8천216대 가운데 현대차가 44%인 21만 4천93대로 가장 많았습니다.이어 기아, 테슬라, 메르세데스-벤츠 순이었습니다.최근 3년여간 전기차 화재의 절반 이상이 고전압 배터리에서 발생했지만, 정작 이런 화재를 예방할 수 있는 검사가 가능한 검사소는 전국 10곳 가운데 3곳뿐이라고 조오섭 의원은 지적했습니다.조 의원에 따르면 전기차 배터리 안전성 검사 장비를 보유한 안전검사소는 지난달 기준 전국 1천972곳 가운데 교통안전공단이 운영하는 검사소 59곳과 출장 검사소 30곳, 민간 검사소 519곳 등 608곳이었습니다.이들 검사소는 공단에서 지난해 8월 개발한 전자장치진단기(KADIS)를 갖춰 국내 모든 자동차의 고전압 전기·전자장치에 대한 검사를 할 수 있습니다.(사진=연합뉴스)",https://n.news.naver.com/mnews/article/055/0001092221?sid=102
24,러-우크라 전쟁의 '보이지 않는 손'으로 떠오른 머스크,2023-09-24 08:09:01,시사저널,"미 의회 ""스타링크 꺼서 우크라이나전 개입"" 의혹 조사 국제 정세 움직이는 빅테크 CEO의 영향력 확인돼민간 우주기업 스페이스X의 최고경영인(CEO) 겸 수석엔지니어, 전기차 업체인 테슬라의 CEO 겸 제품 창안자인 '혁신 기업인' 일론 머스크가 미국 연방상원의 규제에 직면했다. 미국 전기 작가인 월터 아이작슨이 9월12일 출간한 《일론 머스크》의 일부 내용 때문이다.9월7일 CNN방송은 《일론 머스크》의 발췌본을 인용해 우크라이나가 크림반도에 있는 러시아 흑해함대의 잠수함을 드론으로 공격하려 하자 우크라이나가 공격할 수 없도록 머스크가 이 지역에서 스타링크 위성인터넷망을 끄라고 지시했다고 보도했다. 핵전쟁으로 이어질 수 있는 전쟁 확대를 막으려 했다는 것이다.첨단기술 통제권 둘러싼 정치권력과의 갈등이는 스타링크의 탄생과 발전, 그리고 비전을 보면 짐작할 수 있다. 스타링크는 머스크의 아이디어로 시작된 사업이다. 그가 소유한 민간 우주기업인 스페이스X가 600km(나중에 550km로 변경)의 지구 저궤도(LEO)에 무게 227~1250kg의 소형 위성을 다량으로 쏘아올려 브로드밴드 인터넷 서비스를 제공하는 사업이다. 2018년 5월 100억 달러를 투입해 사업을 시작했으며, 올해 8월말까지 5000개 이상의 위성이 발사됐다. 9월 현재 62개국에 서비스를 제공하고 있으며, 이용자는 지난해 12월 150만 명을 넘어섰다.눈여겨볼 점은 스타링크가 현지 당국의 허가와 무관하게 서비스를 제공하는 경우가 왕왕 있다는 사실이다. 이란 당국이 지난해 9월 발생한 대규모 히잡 반대 시위에 대한 보도를 통제하고 검열하자 스타링크는 이 지역에 인터넷 서비스를 가동했다. 이란 여성 마흐사 아미니가 히잡을 제대로 쓰지 않았다는 이유로 종교경찰에 끌려갔다가 의문의 죽음을 당한 후 이란 전역에선 억압적인 복장 규제에 항의하는 대규모 시위가 발생했다. 여기에 이어 스타링크가 지난해 2월27일 러시아의 우크라이나 침공 이후 긴급 대응으로 이 지역에 위성 인터넷 서비스를 제공하면서 전 세계에 자신의 존재를 확실히 알린 전기를 마련했다.주목할 점은 스페이스X의 가공할 기술력이다. 스타링크 가동용 위성을 궤도에 올리기 위한 팔콘-9호 계열의 로켓 발사는 2010년 6월 첫 발사 이래 9월20일까지 무려 107회를 기록했다. 그동안 팔콘-9호는 부분 실패 1회, 전체 실패 1회를 제외하고는 모두 발사에 성공했다.1회 발사에 30~60개씩, 지금까지 모두 5135개의 인공위성을 궤도로 날랐다. 이 중 발사·궤도 안착에 실패한 것을 빼고 4764개가 궤도에 올랐으며, 이 가운데 4094개가 현재 가동 중이다. 스페이스X는 스타링크용 위성을 앞으로 무려 1만2000개까지 발사할 계획이다. 위성을 최대 4만2000개까지 확대하는 방안도 검토 중인 것으로 알려졌다. 지구 궤도가 비좁을 정도로 엄청난 숫자의 스타링크 인공위성을 쏘아올릴 수도 있다는 이야기다. 지구 궤도의 안전을 방해할 정도의 우주 쓰레기 증가와 우주 관측 방해를 염려하는 목소리도 나온다.이렇게 위성을 엄청난 숫자로 쏘아올릴 수 있는 배경은 기술 혁신이다. 스페이스X는 팔콘-9호의 1단 로켓이 해상에 떨어지면 이를 회수해 재사용하는 기술을 개발해 발사 비용을 크게 줄였다. 2015년 12월에는 수직으로 발사돼 궤도에 올라갔다가 착륙장으로 되돌아와 수직 착륙하는 '수직 이착륙 방식'을 세계 최초로 성공시켰다. 해상에서 1단 로켓을 회수하는 비용마저도 줄일 수 있는 획기적인 방식이다.머스크는 이렇게 절감한 로켓 발사 비용을 바탕으로 우주 사업을 확장하고 이 분야에서 장악력을 더욱 강화할 것으로 전망된다. 혁신적인 첨단기술을 통해 활동 영역과 영향력을 확대한 민간 기업이 이에 대한 통제권을 둘러싸고 정치권력과 갈등을 일으킨 것이 이번 사태의 본질이라고 볼 수 있는 이유다.",https://n.news.naver.com/mnews/article/586/0000064966?sid=104
25,또다시 ‘유럽의 병자’ 전락하나…독일의 삼중고,2023-09-24 08:01:01,한경비즈니스,"[비즈니스 포커스]독일 뮌헨에서 9월 초 열린 유럽 최대 모터쇼인 ‘IAA 모빌리티 2023’에서도 중국 전기차업체들이 최대 화제였다. 중국 전기차·배터리업체들은 미국 인플레이션 감축법(IRA) 시행으로 북미 진출이 여의치 않자 유럽 시장 공략에 속도를 내고 있다. 이번 IAA 모빌리티에는 유럽을 전략 시장으로 삼고 있는 중국업체들이 대거 몰려 직전 행사보다 두 배가 넘는 기업이 참여했다.BYD는 새로운 신기술과 6개의 전기차 모델을 선보였다. 마이클 슈 BYD 유럽 대표는 “137년 전 자동차의 역사가 시작된 독일 모터쇼 IAA에서 처음 선보이게 돼 영광”이라면서 “비야디는 차를 만든 지 20년밖에 안 되지만, 이미 지난해 신에너지 차량(NEV) 186만대를 판매해 세계 1위가 됐다”고 강조했다.월스트리트저널은 “‘IAA 모빌리티 2023’에서 수십 년 동안 자동차 산업을 지배해온 독일의 전통 제조사들의 전동화 전환 속도가 테슬라와 중국 전기차업체에 뒤처졌다는 점이 드러났다”고 평가했다.올라프 숄츠 독일 총리도 이번 IAA 모빌리티 개막식에서 최근 독일의 전기차로 전환 속도가 느려졌다고 지적하며 자동차 제조사들에게 “더 싼 전기차를 팔아달라”고 촉구했다. 그는 IAA 모빌리티에 대거 몰려온 중국차에 독일 차가 뒤처질 수 있다는 우려에 대해선 단호히 일축하면서 “경쟁은 우리를 고무해야지 움츠러들게 해서는 안 된다”고 말했다.  러시아발 에너지 위기에 경제도 휘청러시아·우크라이나 전쟁은 새삼스레 독일과 유럽이 러시아 에너지 공급에 의존하고 있다는 사실을 깨닫게 했고 이로 인해 독일에 제대로 대응하지 못하고 있다는 사실을 실감하게 했다.독일은 그간 천연가스 수입의 55%, 석유 수입의 3분의 1 이상을 러시아에 의존해 왔다. 전쟁 이후 러시아가 제재에 대한 보복성 조치로 2022년 8월 유럽으로 가는 천연가스관인 노르드스트림 가동을 중단하자 심각한 에너지 대란을 겪었다.에너지 안보의 중요성을 절감한 독일은 에너지 인프라 다각화에 힘을 쏟고 있다. 미국 등에서 액화천연가스(LNG)를 공급받기 위해 독일 북해 인근 빌헬름스하펜에 첫 LNG 터미널을 완공했고 추가 건설도 추진 중이다.독일에서 천연가스는 제조업·난방 등 다양한 분야에 쓰인다. 천연가스 공급이 부족해지면 산업이 타격을 받을 수밖에 없다. 에너지 부족 사태로 에너지 가격이 상승하면서 전기료·난방비뿐만 아니라 기업의 생산 비용을 증가시켜 인플레이션을 심화시킬 수 있다. 인플레이션이 심화하면 소비 심리가 위축돼 경기 침체를 가져오기 때문에 에너지 가격 상승은 독일 경제 전반에 악영향을 미친다.휘청이는 독일 경제 상황은 독일과 산업 구조가 비슷한 한국에 많은 시사점을 준다. 한국은행은 ‘최근 독일 경제 부진 배경과 시사점’ 보고서에서 “한국도 제조업 비율과 중국 의존도가 높고 인구 고령화에 따른 노동 시장 변화가 크다는 점에서 최근 독일 경제 상황이 시사하는 바가 크다”며 “양호한 고숙련 노동자 기반을 활용해 첨단 산업의 생산성을 제고하고 산업 다변화와 친환경 전환을 성장 잠재력 확충의 기회로 삼고 외국인 노동자 유입 등의 정책 방안을 마련해 고령화에 따른 노동 공급 부족에 대비할 필요가 있다”고 강조했다.",https://n.news.naver.com/mnews/article/050/0000068431?sid=101
26,‘이재명’이라는 정치 패키지 [노원명 에세이],2023-09-24 07:38:01,매일경제,"“나는 그를 스티브 잡스와 같은 범주의 사람이라고 여기게 됐는데요. 그러니까 어떤 사람들은 그냥 개자식이지만, 그들은 또한 너무 대단한 것을 성취해서 그냥 물러앉아 ‘그게 패키지인 것 같아’라고 말할 수밖에 없게 되는 것과 같은 거죠(중략). 만약 이런 종류의 성취를 위해 세상 사람들이 지불해야 하는 대가가 진짜 개자식을 리더로 삼아야 하는 것이라면, 그것은 그럴 만한 가치가 있을 수도 있겠지요.”월터 아이작슨은 최근작 ‘일론 머스크’에서 머스크에게 학질을 떼고 결국 테슬라 CEO에서 쫓겨난 한 남자의 견해를 이렇게 소개하고 있다. 이 남자를 비롯해 아이작슨이 인터뷰한 수많은 인물들은 머스크가 얼마나 ‘개자식’인가라는 대목에 이르러 고개를 절레절레 흔든다. 머스크는 잡스가 그랬듯이 눈 하나 깜짝하지 않고 현실을 왜곡하고 그 왜곡된 현실에 맞춰 터무니없는 목표를 강요하는 한편 잡스보다도 더 의사소통 능력이 떨어지는 인간이다. 그리고 아주 못됐다. 괴팍하고 무례하고 제멋대로다.동시에 머스크는 전기차가 지배하는 세상과 화성 식민지라는 공상적 비전이 결코 공상이 아니라는 것을 입증해 보인 대천재이기도 하다. 아이작슨은 이렇게 묻는다. “만약 그가 괴팍하지 않았다면 과연 우리를 전기차의 미래로, 그리고 화성으로 인도하는 사람이 될 수 있었을까?”‘나쁜 머스크’와 ‘위대한 머스크’를 분리해 위대한 부분만을 취할 수 있다면 좋겠지만 나쁜 머스크 없이는 위대한 머스크도 없다는 것이 머스크 주변 사람들과 아이작슨의 결론이다. 그것은 ‘패키지’이기 때문이다. 머스크뿐만이 아니라 우리가 유용함과 아쉬움을 동시에 느끼는 세상의 거의 모든 것들은 그런 패키지 상태로만 존재한다.이재명 더불어민주당 대표 체포동의안 가결 이후 눈이 뒤집힌 것 같은 몇몇 ‘개딸’의 표정을 보고 소름이 돋았다. 그들에 대해서는 별로 궁금한 것이 없다. 세상에 모든 종류의 광신도들은 다 비슷한 표정을 하고 있다. 다음날 한국갤럽이 발표한 여론조사 결과 구속영장 청구가 정당하다고 응답한 비율이 46%, 정치탄압이라고 한 응답자가 37%였다. 이 대목에서는 좀 궁금해진다. ‘우리나라 사람 10명 중 3.7명에게 ‘이재명’이라는 정치상품 패키지는 어떤 가치의 배합일까‘ 하는 궁금증이다.당연히 3.7명 모두가 개딸은 아니다. 그들 대부분은 이재명의 결함을 어느 정도 인식하는 사람들이다. 그가 한국인 평균보다 준법정신이 떨어지는 사람이라는 것, 가족과 주변인에 잔인하다는 것, 손윗사람에게 저잣거리 왈패들이 깜짝 놀랄 언어로 욕한다는 것, 여러 국면에서 여러 거짓말로 상황을 모면해 왔다는 것, 따라서 그가 결코 교양인이 아니며 평균적인 의미에서 ‘좋은 사람’에 들어갈 가능성도 희박하다는 것을 안다. 그 3.7명 중 대다수는 이재명 대표에게 제기된 무수한 범법 혐의들이 모두 조작됐거나 정치탄압이라는 주장을 할 만큼 비이성적이지도 않다.그럼에도 불구하고 그들은 이재명이라는 패키지를 받아들이고 애호하는 사람들이다. 그렇다면 무수한 인격적, 법률적, 정치적 결함으로 채워진 ‘나쁜 이재명’을 상쇄시켜 패키지로서의 이재명을 수용하게 만드는 ‘위대한 이재명’은 무엇인가.물론 대부분 사람들이 그렇듯이 이 대표도 매력이 있을 것이다. 그를 직접 만나본 사람들이 “유쾌한 사람”이라고 칭찬하는 것을 들은 적이 있다. 개인적으로는 재미있고, 잔정도 있으리라 생각한다. 그런데 이 정도 매력으로는 ‘나쁜 이재명’을 상쇄할 수 없다. 3.7명이 모두 이재명을 개인적으로 알 수도 없다.여러모로 이재명 대표와 닮은 구석인 도널드 트럼프는 최소 미국 백인사회와 노동자층에는 영감을 주는 인물이다. 그는 미국이 위대했던 시절의 향수를 불러일으키고 다시 위대했던 그 시절로 돌아가자고 속삭인다. 그 속삭임은 어느 정도는 사기이거나 보다 확실히는 포퓰리즘이겠지만 그러나 유치하고 분열된 인격의 ‘나쁜 트럼프’를 상쇄시켜 트럼프라는 정치 패키지를 구성하는 ‘위대한 트럼프’ 버전이다.이재명을 수용하는 3.7명은 무엇으로 ‘나쁜 이재명’을 상쇄하는가. 이재명이 ‘반(反) 박근혜’ ‘반 윤석열’ 이외에 무슨 시대정신을 말했던 기억이 없다. 그가 말하는 미래한국 설계도는 기껏 기본소득 정도였는데 본인도 말 안 한 지 오래다.머스크나 트럼프의 패키지와는 달리 이재명 패키지는 ‘나쁜 이재명’만 있고 ‘위대한 이재명’은 결여돼 있다. 결여된 부분을 채우는 것은 ‘반일’과 대한민국 주류 역사에 대한 ‘분노’이며 어느 정도는 ‘지역’이다. 여기서 뿜어나오는 독성의 감정들은 나쁜 이재명에 대한 각성을 깡그리 마비시킬 만큼 독하다. 그래서 이재명 대표는 그 많은 핸디캡을 안고도 약간의 정치적 두뇌와 투지만으로 대한민국 정치의 절반을 접수해 버렸다. 이번에 그가 설혹 구속된다손 그 장악력은 끄떡 없을 것으로 본다. 이재명이 위대해서가 아니라 독성의 감정에 지배되는 사람들이 10명 중 3.7명이나 되기 때문이다.",https://n.news.naver.com/mnews/article/009/0005191005?sid=102
27,전기차 보급 늘지만 안전은 ‘글쎄’… 3년 새 화재 3배 증가,2023-09-24 07:13:01,국제신문,"사고의 절반 이상 ‘고전압 배터리’가 원인으로 드러나배터리 점검 가능한 곳은 전국 검사소의 30%에 그쳐업체 안전성 강화·관련 제도 정비 필요하다는 지적 나와환경보호에 대한 관심이 높아지면서 전기차를 타는 운전자가 늘고 있으나 자동차 화재도 최근 3년 사이에 3배가 증가한 것으로 나타났다. 업체의 안전성 강화 노력과 함께 관련 제도를 정비해야 한다는 지적이 나온다.24일 국회 국토교통위원회 소속 조오섭 의원(더불어민주당·광주 북구갑)이 한국교통안전공단 자동차안전연구원으로부터 받은 자료에 따르면 지난 2020년부터 올해 8월까지 발생한 전기차 화재는 94건으로 집계됐다. 연도별로는 2020년 12건, 2021년 15건, 2022년 33건, 올해 1~8월 34건이다. 전기차 화재는 2020년과 2021년에는 10건 대에 머물렀으나 2022년부터 급증하는 추세다. 특히 올해에는 8개월 만에 지난해 전체 수치를 이미 넘어섰다. 2020년 이후 발생한 전기차 화재 가운데 54.3%인 51건은 ‘고전압 배터리’로 인한 것으로 드러났다. 27건은 운전석 열선 등 차량 기타 부품 이상, 16건은 블랙박스 보조 배터리, 휴대용 충전기 등 장착된 장비 이상이 원인으로 판명됐다. 제작사별로는 현대자동차가 40건으로 가장 많았으며 다음은 기아 14건, 폭스바겐그룹 아우디 7건, 테슬라 6건 등이었다.조 위원은 이번 자료에서 보듯 최근 3년간 전기차 화재의 절반 이상이 고전압 배터리에서 발생했지만 이런 사고를 예방할 검사소는 턱없이 부족하다는 점을 지적했다. 현재  전국의 자동차 검사소는 1972곳이다. 그러나 이 가운데 30.8%인 608곳 만이 전기차 배터리 안전성 검사 장비를 보유하고 있다. 일부에서는 일부 외국 전기차 제작사가 기술 유출 우려와 법적 근거가 불명확한 점 등을 들어 한국교통공단에 전자장치 진단 자료를 제공하지 않아 배터리 상태 확인이 어려운 것도 문제점으로 거론한다. 또 전기차 정기 안전 검사 항목에 배터리 안전성에 대한 의무 검사 조항이 들어 있지 않은 점도 언급한다. 이에 대해 조 위원은 “전기차 정비에 관련한 관련 제도가 차량 보급 속도를 따라가지 못하고 있는 만큼 보완이 시급하다”고 말했다. 우리나라의 연도별 신규 등록 전기차는 2020년 4만6623대, 2021년 10만355대, 2022년 16만4324대, 올해 1~8월 10만3356대로 파악됐다. 지난달을 기준으로 할 때 국내에 등록된 전기차는 48만8216대다. 제조사별로는 현대차 21만4093대, 기아 13만5866대, 테슬라 5만2116대, 메르세데스-벤츠 1만2546대, BMW 1만1285대, 아우디 5344대 등이었다.",https://n.news.naver.com/mnews/article/658/0000053355?sid=101
28,전기차 화재 3년새 3배로…원인 절반은 '이것',2023-09-24 06:14:04,한국경제TV,"최근 수년간 전기차 보급이 급속도로 확대되면서 전기차 화재가 3년 만에 3배 수준으로 늘어난 것으로 나타났다.24일 한국교통안전공단 자동차안전연구원이 국회 국토교통위원회 소속 더불어민주당 조오섭 의원에게 제출한 자료에 따르면 올해 들어 지난달까지 전기차 화재는 34건 발생했다.전기차 화재는 지난 2020년 12건, 2021년 15건이었다가 지난해 33건으로 급증한 바 있다. 올해는 8월까지 발생한 건수만 이미 지난해 수준을 넘어서며 더욱 늘어나는 추세다.국내 신규 등록 전기차는 2020년 4만6천623대에서 2021년 10만355대로 배 넘게 늘었고, 지난해에는 16만4천324대로 더 증가했다. 올해는 전기차 판매가 다소 둔화하며 지난달까지 10만3천356대가 등록됐다. 2020년 이후 지난달까지 전기차 화재는 누적 94건 발생한 것으로 집계됐다.94건 가운데 16건(17%)은 블랙박스 보조배터리, 휴대용 충전기 등 차량에 장착된 액세서리 등에서 불이 나 전기차 자체의 안전 문제라고는 보기 어려운 '외부 요인'이 원인이었다.나머지 78건 중에서는 51건(54.3%)의 화재가 '고전압 배터리'에서 발생했다. 전체 전기차 화재 중 절반 이상은 배터리가 원인인 셈이다.다른 27건(28%)은 차량 기타 부품(커넥터, 운전석 열선 등)에서 불이 난 경우였다. 2020년 이후 전기차 화재 94건을 차량 제작사별로 보면 현대자동차(코나 EV·포터2 EV·아이오닉5 등)가 40건(42.6%), 기아(봉고3 EV·쏘울 EV 등)가 14건(14.9%)이었다.수입차 중에서는 폭스바겐그룹 아우디 E-트론에서 7건(7.4%), 테슬라 모델 3·X·Y 등에서 6건(6.4%) 있었다.국토교통부 통계에 따르면 지난달 기준 누적 보급된 전기차 48만8천216대 가운데 현대차가 21만4천93대(43.9%)로 가장 많고, 기아는 13만5천866대(27.8%)로 브랜드별 2위다. 테슬라(5만2천116대, 10.6%), 메르세데스-벤츠(1만2천546대), BMW(1만1천285대), 아우디(5천344대, 1.1%) 등을 포함한 수입 브랜드 전기차가 12만2천376대(25.1%)로 뒤를 잇는다.기아와 테슬라 전기차가 보급대수에 비해 상대적으로 화재가 적은 셈이다.최근 3년여간 전기차 화재의 절반 이상은 고전압 배터리에서 발생했지만, 정작 이런 화재를 예방할 수 있는 검사가 가능한 검사소는 전국 10곳 가운데 3곳뿐이라고 조오섭 의원은 지적했다.조 의원에 따르면 전기차 배터리 안전성 검사 장비를 보유한 안전검사소는 지난달 기준 전국 1천972곳 가운데 교통안전공단이 운영하는 검사소 59곳과 출장 검사소 30곳, 민간 검사소 519곳 등 608곳(30.8%)이다.이들 검사소는 공단에서 지난해 8월 개발한 전자장치진단기(KADIS)를 갖춰 국내 모든 자동차의 고전압 전기·전자장치에 대한 검사를 할 수 있다.아울러 조 의원은 일부 외국 전기차 제작사가 교통안전공단에 기술 유출 우려와 법적 근거가 불명확한 점 등을 이유로 전자장치 진단 자료를 제공하지 않아 배터리 상태 확인이 어려운 실정이라고도 밝혔다. 또 전기차 정기 안전 검사에 배터리 안전성에 대한 의무 검사 조항이 없는 점도 문제로 지적했다.조 의원은 ""전기차 정비 인프라와 관련 제도가 전기차 보급 속도를 따라가지 못하고 있어 시급한 보완이 필요하다""고 말했다.",https://n.news.naver.com/mnews/article/215/0001126615?sid=102
29,'드레스 대신 안전모'…원자력 홍보대사 자처한 미스 아메리카,2023-09-24 16:18:24,연합뉴스,"원자력공학 전공 대학생 스탠키 ""원자력, 사람 살리고 전력도 제공해""    스탠키는 ""원자력은 (영화 속) 고질라를 만든 것처럼 항상 악역이었다""며 ""원자력에 대해 문제로 거론된 것들은 사실 잘못된 것이 아니었다. 오히려 원자력은 훌륭한 선물인데, 우리는 이에 등을 돌렸다""라고 주장했다.    그는 이어 ""미국인들은 새 자동차, 새 TV를 원하고 끊임없는 기술 변화를 추구하고 있다""며 ""이제 원자력이 무엇이 잘못된 것이었는지 스스로에게 질문해야 한다""고 강조했다.    한때 미국에선 원자력에 대한 매우 친근한 이미지가 조성된 바 있다고 WSJ은 소개했다.    1957년 월트 디즈니 TV시리즈 '우리 친구 원자'(Our Friend the Atom)가 방영되는가 하면, 버섯구름 장식을 한 수영복 차림의 여성이 '미스 원자폭탄' 홍보 사진에 등장하는 등 1950년대 원자력은 경제적 이득을 줄 미래형 기술로서 화려한 이미지였다.    그러나 원자력이 주목받는 동시에 반핵 운동도 확산하기 시작했다. 1951년도 미스 아메리카 욜란드 벳베즈 폭스도 반핵운동에 동참했던 것으로 전해진다.    현재 원자력을 향한 미국인들의 시선은 양분돼 있으나 에너지 가격 상승 등의 영향 탓인지 좀 더 긍정적으로 바뀌는 추세다.    지난달 9일 발표된 퓨리서치센터 여론조사에 따르면 미국인 57%가 원자력을 선호한다고 답했다. 2020년 43%보다 높아진 비율이다.    조 바이든 미 대통령은 2035년까지 '100% 청정에너지'를 달성하겠다고 공약했는데, 원전이 사실상 탄소 배출이 없는 전기를 생산하는 핵심 발전원이라고 보고 원전 유지 및 확대에 힘쓰고 있다.    cherora@yna.co.kr",https://n.news.naver.com/mnews/article/001/0014215227?sid=104
30,"LG화학, 중 화유그룹과 중저가 전기차 배터리 소재 합작",2023-09-24 15:21:01,한겨레,"모로코에 합작 공장 짓기로엘지(LG)화학이 중국의 화유그룹과 손잡고 리튬인산철(LFP) 배터리 양극재 사업에 본격 진출한다. 엘지화학은 22일 중국 화유그룹과 양극재 공급망에 대한 포괄적 업무협약(MOU)을 체결했다고 24일 밝혔다. 이번 업무협약으로 엘지화학과 화유그룹 산하 ‘유산’은 모로코에 연산 5만톤 규모의 리튬인산철(LFP) 배터리 양극재 합작 공장을 짓는다. 2026년 양산이 목표다. 5만톤은 보급형 전기차 50만대(350㎞ 주행 가능한 배터리 용량 50kWh 탑재 전기차 기준)에 필요한 배터리 양극재를 만들 수 있는 규모로 북미 지역에 공급할 예정이다. 국내 이차전지 업체의 주력 제품인 삼원계(니켈·코발트·망간, NCM) 배터리 쪽에 집중하던 엘지화학은 이번 사업을 통해 리튬인산철 배터리 쪽으로도 진출한다는 계획이다. 리튬인산철 배터리는 중국 업체들이 주력으로 만들고 있는 제품이다. 리튬인산철 양극재는 주로 보급형 전기차에 쓰이는 배터리 소재로, 삼원계 배터리 양극재보다 에너지 밀도가 낮아 주행거리가 짧지만 상대적으로 가격이 저렴하다는 장점이 있다. 미국 전기차 업체 테슬라가 전체 차종에 리튬인산철 배터리를 탑재하기로 하는 등 최근 수요가 빠르게 늘고 있다. 유진투자증권은 승용 전기차 기준 리튬인산철 배터리 점유율은 2018년 7%에서 2019년 3%, 2020년 6%로 정체됐다가 2021년 17%, 2022년 27%로 급상승했다고 최근 밝혔다. 한병화 유진투자증권 연구원은 “향후 시장 성장을 위해서는 중저가 전기차가 중심이 되어야 한다는 컨센서스가 형성되고 있다. 중저가 전기차를 대량으로 판매하면서도 일정 수준 이익을 지키려면 리튬인산철 배터리 채택을 늘릴 수밖에 없다”고 분석했다. 모로코는 리튬인산철 배터리 양극재의 핵심 원료가 되는 인광석이 약 500억톤 정도 매장돼있어 전 세계 매장량 1위(73%)를 차지한다. 모로코는 미국과 자유무역협정(FTA)을 체결한 나라여서, 미국 인플레이션감축법(IRA) 보조금 지급 요건도 충족한다.다만 엘지화학과 화유는 미 인플레이션감축법 해외우려집단(FEOC) 규정이 정해지는 대로 투자 지분 비율을 조정한다는 방침이다. 엘지화학 투자금은 수천억원대가 될 것으로 추정된다. 또 화유그룹 산하 화유코발트와 모로코에 2025년까지 연산 5만2천톤의 리튬 양산 체제를 마련해 모로코 리튬인산철 배터리 양극재 공장에 리튬을 공급할 계획이다. 엘지화학은 앞으로 리튬인산철에 망간을 더해 용량과 출력을 높인 리륨망간인산철 배터리 양극재로 사업을 확장할 계획이다. 신학철 엘지화학 부회장은 “모로코 양극재 공장을 거점으로 삼아 새롭게 떠오르는 리튬인산철 배터리 양극재 시장에 적극 대응하겠다”고 말했다.아울러, 엘지화학은 화유코발트와 인플레이션감축법 충족을 전제로 인도네시아에도 진출한다. 두 회사는 니켈 매장량·생산량 1위인 인도네시아에서 니켈 제련·전구체를 아우르는 양극재 수직계열화에 협력한다는 방침이다. ",https://n.news.naver.com/mnews/article/028/0002657954?sid=101
31,끄기 어려운 '전기차 화재'…3년새 3배 증가,2023-09-24 14:55:34,일간스포츠,"사고의 절반 이상 ‘배터리’가 원인전국 안전검사소 10곳 중 3곳서만 배터리 검사 가능조 의원 ""인프라·제도 보완 시급""전기차 보급이 늘면서 화재 사고도 급증한 것으로 나타났다.24일 한국교통안전공단이 국회 국토교통위원회 소속 더불어민주당 조오섭 의원에게 제출한 자료를 보면 올해 들어 지난달까지 발생한 전기차 화재는 모두 34건으로 집계됐다.전기차 화재는 지난 2020년 12건, 2021년 15건이었다가 지난해 33건으로 늘었다. 올해는 8월까지 발생한 건수만 이미 지난해 수준을 넘어서며 더욱 늘어나는 추세다.전기차는 유해 배기가스를 배출하지 않는다는 장점이 있지만 배터리 화재 발생 시 리튬이온 배터리 열폭주 현상 때문에 진압이 어렵다. 몇시간이 걸리는 경우도 있다.최근 전기차 보급 규모가 확대되면서 화재 발생 건수도 늘어난 것으로 풀이된다. 국내 신규 등록 전기차는 2020년 4만6623대에서 2021년 10만355대로 배 넘게 늘었고, 지난해에는 16만4324대로 더 증가했다. 올해는 전기차 판매가 다소 둔화하며 지난달까지 10만3356대가 등록됐다.화재 발생 원인의 절반 이상은 '배터리'가 차지했다. 2020년 이후 지금까지 누적된 화재 발생 건수(94건) 중 가장 많은 51건(54.3%)의 화재가 ‘고전압 배터리’에서 발생한 것으로 나타났다. 이어 27건(28%)은 커넥터와 운전선 열선 등 차량 기타 부품에서 불이 났다. 나머지 16건(17%)은 전기차 자체가 아니라, 휴대용 충전기나 블랙박스 보조배터리 같은 차량 액세서리에서 화재가 발생했다.차량 제작사별로 화재 발생 건수를 살펴보면, 현대자동차가 40건(42.6%), 기아가 14건(14.9%) 순으로 나타났다. 아우디에서 7건(7.4%), 테슬라에서 6건(6.4%)이 발생했다. 전기차 화재 대부분이 배터리 문제로 발생하지만, 전기차 배터리 안전성 검사 장비를 갖춘 안전검사소는 10곳 중 3곳 정도에 그치는 것으로 나타났다. 자동차 고전압 전기·전자장치 검사가 가능한 안전검사소는 지난달 기준 전국 안전검사소 1972곳 가운데 608곳(30.8%)에 그친다. 조오섭 의원은 ""전기차 정기 안전 검사에 배터리 안전성에 대한 의무 검사 조항이 없는 점도 문제""라며 ""전기차 정비 인프라와 관련 제도가 전기차 보급 속도를 따라가지 못하고 있어 시급한 보완이 필요하다""고 지적했다.안민구 기자 amg9@edaily.co.kr",https://n.news.naver.com/mnews/article/241/0003302501?sid=103
32,전기차 화재 급증…절반은 '고전압 배터리' 발화,2023-09-24 14:12:01,노컷뉴스,"올해 전기차 화재 지난달까지 34건2020년부터 누적 화재는 총 94건화재 54.3% 고전압 배터리서 발생전기차 보급이 확대되면서 화재 사고 역시 짧은 기간 크게 늘어난 것으로 나타났다.24일 한국교통안전공단 자동차안전연구원이 국회 국토교통위원회 소속 더불어민주당 조오섭 의원에게 제출한 자료에 따르면, 올해 들어 지난달까지 전기차 화재는 34건 발생했다.전기차 화재는 2020년 12건, 2021년 15건이었다가 지난해 33건으로 급증했는데, 올해는 8월까지 발생한 건수만 이미 지난해 수준을 넘어섰다.국내 신규 등록 전기차는 2020년 4만6623대에서 2021년 10만355대로 늘었고, 지난해에는 16만4324대로 더 증가했다.전기차 화재는 2020년부터 지난달까지 누적 94건 발생했다. 그중 16건(17%)은 블랙박스 보조배터리, 휴대용 충전기 등 차량에 장착된 액세서리 등에서 불이 나 전기차 자체의 안전 문제라고는 보기 어려운 '외부 요인'이 원인이었다.나머지 78건 중에서는 51건(54.3%)의 화재가 '고전압 배터리'에서 발생했다. 전체 전기차 화재 중 절반 이상은 배터리가 원인인 셈이다.다른 27건(28%)은 차량 기타 부품(커넥터·운전석 열선 등)에서 불이 난 경우였다. 제작사별로 보면 현대자동차(코나 EV·포터2 EV·아이오닉5 등)가 40건(42.6%), 기아(봉고3 EV·쏘울 EV 등)가 14건(14.9%)이었다.수입차 중에서는 폭스바겐그룹 아우디 E-트론에서 7건(7.4%), 테슬라 모델 3·X·Y 등에서 6건(6.4%) 의 화재가 있었다.최근 3년여간 전기차 화재의 절반 이상이 고전압 배터리에서 발생했지만, 화재를 예방할 수 있는 검사가 가능한 검사소는 전국 10곳 가운데 3곳뿐이라고 조오섭 의원은 지적했다.전기차 배터리 안전성 검사 장비를 보유한 안전검사소는 지난달 기준 전국 1972곳 가운데 교통안전공단이 운영하는 검사소 59곳과 출장 검사소 30곳, 민간 검사소 519곳 등 608곳(30.8%) 뿐이다.조 의원은 ""전기차 정비 인프라와 관련 제도가 전기차 보급 속도를 따라가지 못하고 있어 시급한 보완이 필요하다""고 말했다.※CBS노컷뉴스는 여러분의 제보로 함께 세상을 바꿉니다. 각종 비리와 부당대우, 사건사고와 미담 등 모든 얘깃거리를 알려주세요.이메일 : jebo@cbs.co.kr카카오톡 : @노컷뉴스사이트 : https://url.kr/b71afn",https://n.news.naver.com/mnews/article/079/0003816112?sid=103
33,"LG화학, 中화유그룹과 LFP 양극재 사업 진출…모로코에 공장 짓는다",2023-09-24 14:02:01,서울경제,"5만톤 규모 LFP 양극재 생산···2026년부터 가동북미 공급용···IRA 요건에 따라 지분 비율 조정인니에는 제련·전구체 공장···""양극재 소재 수직 계열화""[서울경제] LG화학(051910)이 중국 화유그룹과 손잡고 리튬·인산·철(LFP) 양극재 사업에 본격 진출한다. 미국과 자유무역협정(FTA)을 맺은 모로코에 공장을 짓고 2026년부터 양산할 계획이다. 인도네시아에는 전구체 공장을 신설하는 등 양극재 소재의 수직계열화로 경쟁력을 확보한다는 방침이다.LG화학은 중국 화유그룹과 양극재 공급망에 대한 포괄적 업무협약(MOU)을 체결했다고 24일 밝혔다. 양사는 LFP 양극재 시장에 진출하는 등 세 가지 사업을 함께 진행한다.LG화학과 화유그룹 산하 유산은 모로코에 연산 5만 톤 규모의 LFP 양극재 합작 공장을 짓는다. 연산 5만 톤은 보급형 전기차 50만 대에 필요한 양극재를 만들 수 있는 양이다. 합작공장은 2026년 양산을 목표로 수 천억 원을 투자해 짓는다.이 공장에서 생산되는 LFP는 북미 지역에 공급될 예정이다. LG화학 관계자는 ""모로코는 미국과 FTA를 맺어 인플레이션 감축법(IRA) 보조금 요건도 충족한다""며 ""합작사의 지분 비율은 IRA 요건에 따라 조정할 예정""이라고 말했다.LFP 양극재는 주로 보급형 전기차에 쓰이는 배터리 소재로 니켈·코발트·망간(NCM) 양극재보다 에너지 밀도는 낮지만 가격 경쟁력이 높아 고객사 수요가 늘어나는 추세다. 테슬라, 포드, BMW, 현대차 등 유력 완성차 업체들도 자사 일부 모델에 LFP 배터리를 채택하겠다고 발표했다.그동안 NCM 삼원계 배터리에 주력했던 국내 양극재 기업들도 LFP 양극재 개발에 속도를 내고 있다. LG화학뿐 아니라 포스코퓨처엠, 에코프로비엠, 엘앤에프 등도 LFP 양극재 사업을 추진 중이다. LG화학은 추후 LFP에 망간을 더해 용량과 출력을 높인 LMFP 양극재 등으로 사업을 확장할 계획이다.LG화학은 또 모로코에서 화유그룹 산하 화유코발트와 리튬 컨버전 플랜트 사업도 추진한다. 컨버전 플랜트란 리튬 정광(리튬 광석을 가공해 농축한 고순도 광물)에서 양극재 생산에 필요한 수산화리튬과 탄산리튬을 추출하는 시설이다. 모로코 리튬 컨버전 플랜트는 2025년까지 연산 5만 2000톤의 리튬 양산 체제를 마련해 모로코 LFP 공장에 리튬을 공급할 계획이다.LG화학과 화유코발트는 이와 함께 인도네시아에서 니켈 제련·전구체를 아우르는 양극재 수직계열화를 위해 협력하기로 했다. 신학철 LG화학 부회장은 “모로코 양극재 공장을 글로벌 거점으로 삼아 새롭게 떠오르는 LFP 양극재 시장에 적극 대응하겠다”며 “원재료에서 전구체, 양극재까지 이어지는 소재 수직 계열화 체계를 공고히 해 글로벌 전지소재 기업으로서 기반을 다져나갈 것""이라고 말했다.",https://n.news.naver.com/mnews/article/011/0004242204?sid=101
34,나스닥은 '만스닥' 됐는데 '천스닥' 바라만 보는 코스닥…왜?,2023-09-24 11:40:00,머니투데이,"[MT리포트-코스닥 엑소더스]②[편집자주] 2차 전지를 비롯한 기술주 랠리 속 코스닥 시장이 활황을 맞았다. 올해 코스닥 시장은 거래대금과 지수 상승률 모두 형님인 코스피를 앞섰다. 그러나 코스닥 시장 활황에 힘입어 성장한 기업들은 시가총액이 커지자 일제히 코스닥 시장을 등지고 있다. 코스피 2부 리그라는 꼬리표는 언제쯤 뗄 수 있을까.  코스닥 시장 기업 이탈 잔혹사를 살펴보고 대안을 모색해본다.출범 27년을 맞는 코스닥 시장은 IT, 바이오, 엔터테인먼트 등 한국 첨단기술·문화의 발전과 그 궤를 같이 해왔다. 과거  IT 버블로 인해 지수가 2000을 넘긴 적도 있지만,  2000년대 이후로는 기준 지수인 1000선에도 못 미치는 날이 이어지고 있다. 미국 나스닥 시장이 꿈의 지수인 1만선을 넘어 '만스닥'이 된지 3년째이지만, 코스닥 시장은 여전히 1000선만 바라보는 답보 상태다.━코스피 거래대금 앞질러도…지수 탄력 못 받는 코스닥━코스닥 시장은 1996년 7월 개장해 지난 7월로 만 27주년이 됐다. 그러나 IT 버블이 걷힌 2000년 이후 코스닥 지수가 기준점인 1000선을 한 번이라도 넘은 것은 2021년과 2022년 뿐이다. 그마저도 시가와 종가가 모두 1000선을 넘는 것은 실패했다. 현재 코스닥 지수 산출법은 나스닥 지수와 거의 유사한 시가총액식 방법이다. 비교시점의 유동시가총액을 기준시점의 유동시가총액으로 나눈 값에 기준 지수인 1000을 곱해 산출한다. 코스닥 지수 최초 개발 당시에는 기준지수가 100이었지만, 2004년 1월부터 1000으로 변경했다. 미국의 나스닥을 포함한 세계 여러 지수들이 이러한 시가총액 가중 방식을 이용해 산출된다.일부 기업들 코스피 이전 상장으로 인해 코스닥 시가총액이 줄더라도, 지수 하락과 직결되진 않는다. 기준시점과 비교시점의 시가총액 모두에서 시총 변동이 반영되기 때문이다. 코스닥 지수가 만년 '천스닥 바라기'인 이유는 시가총액이 줄어드는 문제보다는 시장 주목도가 높은 기업들이 코스피 시장으로 빠져나가면서 시장 전체가 상승동력을 잃는다는데 있다.   올해 코스닥 시장은 형님인 코스피 시장보다 주목받았다. 에코프로그룹(에코프로비엠, 에코프로)을 위시한 이차전지 업종 랠리가 소재, 장비주 등으로 온기를 확산하면서 코스닥 지수 거래대금은 역대급으로 증가했고 지수 역시 함께 치솟았다. 올해 1월3일 660.32까지 빠졌던 코스닥 지수는 이차전지주 랠리 속 지난 7월26일 956.40까지 오르며 '천스닥(코스닥 지수 1000)' 시대 기대감을 키웠다. 종가 기준으로도 올 들어 코스닥 지수 상승률은 30%로, 코스피(14.5%)를 웃돈다. 거래대금도 코스피보다 많다. 올해 들어 지난 19일까지 코스닥 시장 일평균 거래대금은 10조7704억원으로,코스피(9조9892억원)를 앞질렀다. 그러나 코스닥 시장 활황을 이끈 대표 기업들이 일제히 빠져나간다면 시장이 활력을 잃으면서 다시 부진에 빠질 가능성이 높다. ━대형주 이탈에 늘 실적 부담, 구조적 성장 어려워━코스닥이 벤치마킹한 미국 나스닥의 경우 지난 10년간 꾸준히 성장했다. 나스닥 지수는 2013년 10월 3000선에서 2021년 1만6000선까지 치솟아 5배 이상 증가했다. 등락이 있긴 했지만 2020년 처음 1만선을 돌파한 이후 현재까지 1만선 위에서 거래되고 있다.  나스닥은 기술주 시장이라는 특성을 잘 살려 글로벌 2위 거래소로 거듭났다. 애플, 테슬라, 아마존, 마이크로소프트 등 나스닥 지수 상승을 이끈 빅테크 기업들은 체급이 커진 이후에도 시장과 함께 동반 성장한다. 코스닥 상장사들이 장르 불문하고 덩치가 커지면 시장을 등지는 것과 대조된다.  대형주가 빠진 코스닥 시장에 실체 없는 테마주와 적자 기업, 한계 기업들이 기승을 부리는 것도 시장 발전을 저해한다. 김정윤 대신증권 연구원은 ""기본적으로 실적이 뒷받침 돼야 수급이 유입되면서 기업 주가가 상승할 수 있다""며 ""현재 코스닥 시장은 실적 가시성이 코스피 시장에 비해 상대적으로 부족해 구조적 성장이 어렵다""고 지적했다.",https://n.news.naver.com/mnews/article/008/0004942145?sid=101
35,전기차 화재 3년 새 3배 늘어…절반은 ‘고전압 배터리’서 발생,2023-09-24 11:27:03,한겨레,"전기차 보급 규모가 확대되면서 전기차 화재 건수도 3년 만에 3배 수준으로 늘어난 것으로 나타났다. 화재의 절반 이상은 ‘고전압 배터리’ 때문에 발생했다.24일 한국교통안전공단 자동차안전연구원이 국회 국토교통위원회 소속 조오섭 더불어민주당 의원에게 제출한 자료를 보면, 올해 전기차 화재는 지난달까지 모두 34건 발생한 것으로 나타났다. 2020년 12건, 2021년 15건, 2022년 33건이었던 전기차 화재 건수와 견주면, 지난달에 이미 2022년 발생 수준을 넘어선 셈이다. 최근 전기차 보급 규모가 확대되면서 화재 발생 건수도 늘어난 것으로 풀이된다. 국내 신규 등록 전기차는 2020년 4만6623대→2021년 10만355대→2022년 16만4324대로 꾸준히 늘고 있다. 올해는 지난달까지 10만3356대의 전기차가 신규 등록됐다. 화재 발생 원인의 절반 이상을 ‘배터리’가 차지했다. 2020년 이후 지금까지 누적된 화재 발생 건수(94건) 중 가장 많은 51건(54.3%)의 화재가 ‘고전압 배터리’에서 발생한 것으로 나타났다. 27건(28%)은 커넥터와 운전선 열선 등 차량 기타 부품에서 불이 났다. 나머지 16건(17%)은 전기차 자체가 아니라, 휴대용 충전기나 블랙박스 보조배터리 같은 차량 액세서리에서 화재가 발생했다. 차량 제작사별로 화재 발생 건수를 살펴보면, 현대자동차가 40건(42.6%), 기아가 14건(14.9%) 순으로 나타났다. 아우디에서 7건(7.4%), 테슬라에서 6건(6.4%)이 발생했다. 지난달 기준 누적 보급된 전기차(48만8216대)는 현대차가 21만4093대(43.9%)로 가장 많고, 기아는 13만5866대(27.8%)로 그 뒤를 따른다. 테슬라(5만2116대, 10.6%), 메르세데스-벤츠(1만2546대), BMW(1만1285대), 아우디(5344대, 1.1%) 순이다. 전기차 화재의 절반 정도가 배터리 문제로 발생하지만, 전기차 배터리 안전성 검사 장비를 갖춘 안전검사소는 10곳 중 3곳 정도에 그치는 것으로 나타났다. 자동차 고전압 전기·전자장치 검사가 가능한 안전검사소는 지난달 기준 전국 안전검사소 1972곳 가운데 608곳(30.8%)에 그친다. 교통안전공단이 운영하는 검사소 59곳, 출장 검사소 30곳, 민간검사소 519곳 등이다. ",https://n.news.naver.com/mnews/article/028/0002657928?sid=103
36,전기차 보급 확대에 화재도 3년새 3배 증가,2023-09-24 10:31:28,KBS,"최근 수년간 전기차 보급이 급속도로 확대되면서 전기차 화재가 3년 만에 3배 수준으로 늘었습니다. 한국교통안전공단 자동차안전연구원이 국회 국토교통위원회 소속 더불어민주당 조오섭 의원에게 제출한 자료를 보면 올해 들어 지난달까지 발생한 전기차 화재는 모두 34건으로 집계됐습니다. 전기차 화재는 지난 2020년 12건, 2021년 15건이었다가 지난해 33건으로 늘었습니다. 올해는 8월까지 발생한 건수만 이미 지난해 수준을 넘어서며 더욱 늘어나는 추세입니다. 국내 신규 등록 전기차는 2020년 4만 6,623대에서 2021년 10만 355대로 배 넘게 늘었고, 지난해에는 16만 4,324대로 더 증가했습니다. 올해는 전기차 판매가 다소 둔화하며 지난달까지 10만 3,356대가 등록됐습니다. 2020년 이후 지난달까지 발생한 전기차 화재는 모두 94건입니다. 94건 가운데 절반이 넘는 51건(54.3%)은 '고전압 배터리'가 화재 원인으로 지목 됐습니다. 27건(28%)은 차량 기타 부품(커넥터, 운전석 열선 등)에서 불이 난 경우였고, 16건(17%)은 블랙박스 보조배터리, 휴대용 충전기 등 차량에 장착된 액세서리 등에서 불이 나 전기차 자체의 안전 문제라고는 보기 어려운 '외부 요인'이 원인이었습니다. 2020년 이후 전기차 화재 94건을 차량 제작사별로 보면 현대자동차(코나 EV·포터2 EV·아이오닉5 등)가 40건(42.6%), 기아(봉고3 EV·쏘울 EV 등)가 14건(14.9%)이었습니다. 수입차 중에서는 폭스바겐 그룹 아우디 E-트론에서 7건(7.4%), 테슬라 모델 3·X·Y 등에서 6건(6.4%) 있었습니다. 국토교통부 통계를 보면 지난달 기준 누적 보급된 전기차 48만 8,216대 가운데 현대차가 21만4,093대(43.9%)로 가장 많고, 기아는 13만 5,866대(27.8%)입니다. 테슬라(5만 2,116대, 10.6%), 메르세데스-벤츠(1만 2,546대), BMW(1만 1,285대), 아우디(5,344대, 1.1%) 등을 포함한 수입 브랜드 전기차가 12만 2,376대(25.1%)로 뒤를 잇습니다. 최근 3년여간 전기차 화재의 절반 이상은 고전압 배터리에서 발생했지만, 정작 이런 화재를 예방할 수 있는 검사가 가능한 검사소는 전국 10곳 가운데 3곳뿐이라고 조오섭 의원은 지적했습니다. 조 의원에 따르면 전기차 배터리 안전성 검사 장비를 보유한 안전검사소는 지난달 기준 전국 1,972곳 가운데 교통안전공단이 운영하는 검사소 59곳과 출장 검사소 30곳, 민간 검사소 519곳 등 608곳(30.8%)입니다. 이들 검사소는 공단에서 지난해 8월 개발한 전자장치진단기(KADIS)를 갖춰 국내 모든 자동차의 고전압 전기·전자장치에 대한 검사를 할 수 있습니다. 아울러 조 의원은 일부 외국 전기차 제작사가 교통안전공단에 기술 유출 우려와 법적 근거가 불명확한 점 등을 이유로 전자장치 진단 자료를 제공하지 않아 배터리 상태 확인이 어려운 실정이라고도 밝혔습니다. 또 전기차 정기 안전 검사에 배터리 안전성에 대한 의무 검사 조항이 없는 점도 문제로 지적했습니다. 조 의원은 ""전기차 정비 인프라와 관련 제도가 전기차 보급 속도를 따라가지 못하고 있어 시급한 보완이 필요하다""고 말했습니다.[사진 출처 : 연합뉴스]■ 제보하기▷ 전화 : 02-781-1234, 4444▷ 이메일 : kbs1234@kbs.co.kr▷ 카카오톡 : 'KBS제보' 검색, 채널 추가▷ 네이버, 유튜브에서 KBS뉴스를 구독해주세요!",https://n.news.naver.com/mnews/article/056/0011572313?sid=101
37,올해 전기차 화재 벌써 34건…`고전압 배터리` 발화 多,2023-09-24 10:18:07,디지털타임스,"車 안전검사소 10곳 중 3곳서만 '배터리 검사' 가능조오섭 의원 ""전기차 보급에 비해 뒤처진 인프라·제도 보완 시급""전기차 보급에 속도가 붙으면서 전기차 화재 사고가 3년 만에 3배 수준으로 증가한 것으로 집계됐다.24일 국회 국토교통위원회 소속 더불어민주당 조오섭 의원이 한국교통안전공단 자동차안전연구원으로부터 받은 자료에 따르면, 올해 8월까지 전기차 화재는 34건 발생했다.전기차 화재는 지난 2020년 12건, 2021년 15건으로 10여건에 머물다가 작년 33건으로 급증했고, 올해는 8월까지 이미 지난해 수준을 넘었다.국내 신규 등록 전기차는 △2020년 4만6623대 △2021년 10만355대 △2022년 16만4324대로 매년 급증했다가, 올해는 전기차 판매가 다소 둔화하며 지난달까지 10만3356대가 등록에 그쳤다. 2020년 이후 지난달까지 발생한 전기차 화재 94건 중 51건(54.3%)의 화재가 '고전압 배터리'에서 발생해 전체 전기차 화재 중 절반 이상은 배터리가 원인으로 지목됐다. 이어 27건(28%)은 차량 기타 부품(커넥터, 운전석 열선 등), 16건(17%)은 블랙박스 보조배터리, 휴대용 충전기 등 차량에 장착된 액세서리 등에서 불이 나 전기차 때문이 아닌 '외부 요인'으로 인한 화재였다.차량 제작사별로 보면 현대자동차(코나 EV·포터2 EV·아이오닉5 등)가 40건(42.6%), 기아(봉고3 EV·쏘울 EV 등)가 14건(14.9%)이었다.수입차 중에서는 폭스바겐그룹 아우디 E-트론에서 7건(7.4%), 테슬라 모델 3·X·Y 등에서 6건(6.4%) 있었다. 기아와 테슬라 전기차가 보급대수에 비해 상대적으로 화재가 적었다.조 의원 츳은 최근 3년여간 전기차 화재의 절반 이상은 고전압 배터리에서 발생했지만, 정작 이런 화재를 예방할 수 있는 검사가 가능한 검사소는 전국 10곳 가운데 3곳뿐이라는 부분을 지적했다.전기차 배터리 안전성 검사 장비를 보유한 안전검사소는 지난달 기준 전국 1972곳 가운데 교통안전공단이 운영하는 검사소 59곳과 출장 검사소 30곳, 민간 검사소 519곳 등 608곳(30.8%)이다. 조 의원은 ""일부 외국 전기차 제작사가 교통안전공단에 기술 유출 우려와 법적 근거가 불명확한 점 등을 이유로 전자장치 진단 자료를 제공하지 않아 배터리 상태 확인이 어려운 실정""이라며 ""전기차 정기 안전 검사에 배터리 안전성에 대한 의무 검사 조항이 없는 점도 문제다. 전기차 정비 인프라와 관련 제도가 전기차 보급 속도를 따라가지 못하고 있어 시급한 보완이 필요하다""고 말했다.   ",https://n.news.naver.com/mnews/article/029/0002826993?sid=103
38,전기차 불 3년새 3배…54%가 '고전압 배터리' 발화,2023-09-24 09:43:09,SBS,"▲ '전기자동차 실화재 진압 시연회'에서 소방관들이 진화작업을 하는 모습전기차 보급이 급속도로 확대되면서 전기차 화재가 3년 만에 3배 수준으로 늘어난 것으로 나타났습니다.한국교통안전공단 자동차안전연구원이 국회 국토교통위원회 소속 더불어민주당 조오섭 의원에게 제출한 자료에 따르면 올해 들어 지난달까지 전기차 화재는 34건 발생했습니다.전기차 화재는 지난 2020년 12건, 2021년 15건이었다가 지난해 33건으로 급증했습니다.올해는 8월까지 발생한 건수만 이미 지난해 수준을 넘어서며 더욱 늘어나는 추세입니다.국내 신규 등록 전기차는 2020년 4만 6천623대에서 2021년 10만 355대로 배 넘게 늘었고, 지난해에는 16만 4천324대로 더 증가했습니다.올해는 전기차 판매가 다소 둔화하며 지난달까지 10만 3천356대가 등록됐습니다.2020년 이후 지난달까지 전기차 화재는 누적 94건 발생한 것으로 집계됐습니다.94건 가운데 16건은 블랙박스 보조배터리, 휴대용 충전기 등 차량에 장착된 액세서리 등에서 불이 나 전기차 자체의 안전 문제라고는 보기 어려운 '외부 요인'이 원인이었습니다.94건 중 54%인 51건은 불이 '고전압 배터리'에서 발생했습니다.다른 27건은 커넥터나 운전석 열선 등 차량 기타 부품 등에서 불이 난 경우였습니다.국토교통부 통계에 따르면 지난달 기준 누적 보급된 전기차 48만 8천216대 가운데 현대차가 44%인 21만 4천93대로 가장 많았습니다.이어 기아, 테슬라, 메르세데스-벤츠 순이었습니다.최근 3년여간 전기차 화재의 절반 이상이 고전압 배터리에서 발생했지만, 정작 이런 화재를 예방할 수 있는 검사가 가능한 검사소는 전국 10곳 가운데 3곳뿐이라고 조오섭 의원은 지적했습니다.조 의원에 따르면 전기차 배터리 안전성 검사 장비를 보유한 안전검사소는 지난달 기준 전국 1천972곳 가운데 교통안전공단이 운영하는 검사소 59곳과 출장 검사소 30곳, 민간 검사소 519곳 등 608곳이었습니다.이들 검사소는 공단에서 지난해 8월 개발한 전자장치진단기(KADIS)를 갖춰 국내 모든 자동차의 고전압 전기·전자장치에 대한 검사를 할 수 있습니다.(사진=연합뉴스)",https://n.news.naver.com/mnews/article/055/0001092221?sid=102
39,러-우크라 전쟁의 '보이지 않는 손'으로 떠오른 머스크,2023-09-24 08:09:01,시사저널,"미 의회 ""스타링크 꺼서 우크라이나전 개입"" 의혹 조사 국제 정세 움직이는 빅테크 CEO의 영향력 확인돼민간 우주기업 스페이스X의 최고경영인(CEO) 겸 수석엔지니어, 전기차 업체인 테슬라의 CEO 겸 제품 창안자인 '혁신 기업인' 일론 머스크가 미국 연방상원의 규제에 직면했다. 미국 전기 작가인 월터 아이작슨이 9월12일 출간한 《일론 머스크》의 일부 내용 때문이다.9월7일 CNN방송은 《일론 머스크》의 발췌본을 인용해 우크라이나가 크림반도에 있는 러시아 흑해함대의 잠수함을 드론으로 공격하려 하자 우크라이나가 공격할 수 없도록 머스크가 이 지역에서 스타링크 위성인터넷망을 끄라고 지시했다고 보도했다. 핵전쟁으로 이어질 수 있는 전쟁 확대를 막으려 했다는 것이다.첨단기술 통제권 둘러싼 정치권력과의 갈등이는 스타링크의 탄생과 발전, 그리고 비전을 보면 짐작할 수 있다. 스타링크는 머스크의 아이디어로 시작된 사업이다. 그가 소유한 민간 우주기업인 스페이스X가 600km(나중에 550km로 변경)의 지구 저궤도(LEO)에 무게 227~1250kg의 소형 위성을 다량으로 쏘아올려 브로드밴드 인터넷 서비스를 제공하는 사업이다. 2018년 5월 100억 달러를 투입해 사업을 시작했으며, 올해 8월말까지 5000개 이상의 위성이 발사됐다. 9월 현재 62개국에 서비스를 제공하고 있으며, 이용자는 지난해 12월 150만 명을 넘어섰다.눈여겨볼 점은 스타링크가 현지 당국의 허가와 무관하게 서비스를 제공하는 경우가 왕왕 있다는 사실이다. 이란 당국이 지난해 9월 발생한 대규모 히잡 반대 시위에 대한 보도를 통제하고 검열하자 스타링크는 이 지역에 인터넷 서비스를 가동했다. 이란 여성 마흐사 아미니가 히잡을 제대로 쓰지 않았다는 이유로 종교경찰에 끌려갔다가 의문의 죽음을 당한 후 이란 전역에선 억압적인 복장 규제에 항의하는 대규모 시위가 발생했다. 여기에 이어 스타링크가 지난해 2월27일 러시아의 우크라이나 침공 이후 긴급 대응으로 이 지역에 위성 인터넷 서비스를 제공하면서 전 세계에 자신의 존재를 확실히 알린 전기를 마련했다.주목할 점은 스페이스X의 가공할 기술력이다. 스타링크 가동용 위성을 궤도에 올리기 위한 팔콘-9호 계열의 로켓 발사는 2010년 6월 첫 발사 이래 9월20일까지 무려 107회를 기록했다. 그동안 팔콘-9호는 부분 실패 1회, 전체 실패 1회를 제외하고는 모두 발사에 성공했다.1회 발사에 30~60개씩, 지금까지 모두 5135개의 인공위성을 궤도로 날랐다. 이 중 발사·궤도 안착에 실패한 것을 빼고 4764개가 궤도에 올랐으며, 이 가운데 4094개가 현재 가동 중이다. 스페이스X는 스타링크용 위성을 앞으로 무려 1만2000개까지 발사할 계획이다. 위성을 최대 4만2000개까지 확대하는 방안도 검토 중인 것으로 알려졌다. 지구 궤도가 비좁을 정도로 엄청난 숫자의 스타링크 인공위성을 쏘아올릴 수도 있다는 이야기다. 지구 궤도의 안전을 방해할 정도의 우주 쓰레기 증가와 우주 관측 방해를 염려하는 목소리도 나온다.이렇게 위성을 엄청난 숫자로 쏘아올릴 수 있는 배경은 기술 혁신이다. 스페이스X는 팔콘-9호의 1단 로켓이 해상에 떨어지면 이를 회수해 재사용하는 기술을 개발해 발사 비용을 크게 줄였다. 2015년 12월에는 수직으로 발사돼 궤도에 올라갔다가 착륙장으로 되돌아와 수직 착륙하는 '수직 이착륙 방식'을 세계 최초로 성공시켰다. 해상에서 1단 로켓을 회수하는 비용마저도 줄일 수 있는 획기적인 방식이다.머스크는 이렇게 절감한 로켓 발사 비용을 바탕으로 우주 사업을 확장하고 이 분야에서 장악력을 더욱 강화할 것으로 전망된다. 혁신적인 첨단기술을 통해 활동 영역과 영향력을 확대한 민간 기업이 이에 대한 통제권을 둘러싸고 정치권력과 갈등을 일으킨 것이 이번 사태의 본질이라고 볼 수 있는 이유다.",https://n.news.naver.com/mnews/article/586/0000064966?sid=104
40,또다시 ‘유럽의 병자’ 전락하나…독일의 삼중고,2023-09-24 08:01:01,한경비즈니스,"[비즈니스 포커스]독일 뮌헨에서 9월 초 열린 유럽 최대 모터쇼인 ‘IAA 모빌리티 2023’에서도 중국 전기차업체들이 최대 화제였다. 중국 전기차·배터리업체들은 미국 인플레이션 감축법(IRA) 시행으로 북미 진출이 여의치 않자 유럽 시장 공략에 속도를 내고 있다. 이번 IAA 모빌리티에는 유럽을 전략 시장으로 삼고 있는 중국업체들이 대거 몰려 직전 행사보다 두 배가 넘는 기업이 참여했다.BYD는 새로운 신기술과 6개의 전기차 모델을 선보였다. 마이클 슈 BYD 유럽 대표는 “137년 전 자동차의 역사가 시작된 독일 모터쇼 IAA에서 처음 선보이게 돼 영광”이라면서 “비야디는 차를 만든 지 20년밖에 안 되지만, 이미 지난해 신에너지 차량(NEV) 186만대를 판매해 세계 1위가 됐다”고 강조했다.월스트리트저널은 “‘IAA 모빌리티 2023’에서 수십 년 동안 자동차 산업을 지배해온 독일의 전통 제조사들의 전동화 전환 속도가 테슬라와 중국 전기차업체에 뒤처졌다는 점이 드러났다”고 평가했다.올라프 숄츠 독일 총리도 이번 IAA 모빌리티 개막식에서 최근 독일의 전기차로 전환 속도가 느려졌다고 지적하며 자동차 제조사들에게 “더 싼 전기차를 팔아달라”고 촉구했다. 그는 IAA 모빌리티에 대거 몰려온 중국차에 독일 차가 뒤처질 수 있다는 우려에 대해선 단호히 일축하면서 “경쟁은 우리를 고무해야지 움츠러들게 해서는 안 된다”고 말했다.  러시아발 에너지 위기에 경제도 휘청러시아·우크라이나 전쟁은 새삼스레 독일과 유럽이 러시아 에너지 공급에 의존하고 있다는 사실을 깨닫게 했고 이로 인해 독일에 제대로 대응하지 못하고 있다는 사실을 실감하게 했다.독일은 그간 천연가스 수입의 55%, 석유 수입의 3분의 1 이상을 러시아에 의존해 왔다. 전쟁 이후 러시아가 제재에 대한 보복성 조치로 2022년 8월 유럽으로 가는 천연가스관인 노르드스트림 가동을 중단하자 심각한 에너지 대란을 겪었다.에너지 안보의 중요성을 절감한 독일은 에너지 인프라 다각화에 힘을 쏟고 있다. 미국 등에서 액화천연가스(LNG)를 공급받기 위해 독일 북해 인근 빌헬름스하펜에 첫 LNG 터미널을 완공했고 추가 건설도 추진 중이다.독일에서 천연가스는 제조업·난방 등 다양한 분야에 쓰인다. 천연가스 공급이 부족해지면 산업이 타격을 받을 수밖에 없다. 에너지 부족 사태로 에너지 가격이 상승하면서 전기료·난방비뿐만 아니라 기업의 생산 비용을 증가시켜 인플레이션을 심화시킬 수 있다. 인플레이션이 심화하면 소비 심리가 위축돼 경기 침체를 가져오기 때문에 에너지 가격 상승은 독일 경제 전반에 악영향을 미친다.휘청이는 독일 경제 상황은 독일과 산업 구조가 비슷한 한국에 많은 시사점을 준다. 한국은행은 ‘최근 독일 경제 부진 배경과 시사점’ 보고서에서 “한국도 제조업 비율과 중국 의존도가 높고 인구 고령화에 따른 노동 시장 변화가 크다는 점에서 최근 독일 경제 상황이 시사하는 바가 크다”며 “양호한 고숙련 노동자 기반을 활용해 첨단 산업의 생산성을 제고하고 산업 다변화와 친환경 전환을 성장 잠재력 확충의 기회로 삼고 외국인 노동자 유입 등의 정책 방안을 마련해 고령화에 따른 노동 공급 부족에 대비할 필요가 있다”고 강조했다.",https://n.news.naver.com/mnews/article/050/0000068431?sid=101
41,‘이재명’이라는 정치 패키지 [노원명 에세이],2023-09-24 07:38:01,매일경제,"“나는 그를 스티브 잡스와 같은 범주의 사람이라고 여기게 됐는데요. 그러니까 어떤 사람들은 그냥 개자식이지만, 그들은 또한 너무 대단한 것을 성취해서 그냥 물러앉아 ‘그게 패키지인 것 같아’라고 말할 수밖에 없게 되는 것과 같은 거죠(중략). 만약 이런 종류의 성취를 위해 세상 사람들이 지불해야 하는 대가가 진짜 개자식을 리더로 삼아야 하는 것이라면, 그것은 그럴 만한 가치가 있을 수도 있겠지요.”월터 아이작슨은 최근작 ‘일론 머스크’에서 머스크에게 학질을 떼고 결국 테슬라 CEO에서 쫓겨난 한 남자의 견해를 이렇게 소개하고 있다. 이 남자를 비롯해 아이작슨이 인터뷰한 수많은 인물들은 머스크가 얼마나 ‘개자식’인가라는 대목에 이르러 고개를 절레절레 흔든다. 머스크는 잡스가 그랬듯이 눈 하나 깜짝하지 않고 현실을 왜곡하고 그 왜곡된 현실에 맞춰 터무니없는 목표를 강요하는 한편 잡스보다도 더 의사소통 능력이 떨어지는 인간이다. 그리고 아주 못됐다. 괴팍하고 무례하고 제멋대로다.동시에 머스크는 전기차가 지배하는 세상과 화성 식민지라는 공상적 비전이 결코 공상이 아니라는 것을 입증해 보인 대천재이기도 하다. 아이작슨은 이렇게 묻는다. “만약 그가 괴팍하지 않았다면 과연 우리를 전기차의 미래로, 그리고 화성으로 인도하는 사람이 될 수 있었을까?”‘나쁜 머스크’와 ‘위대한 머스크’를 분리해 위대한 부분만을 취할 수 있다면 좋겠지만 나쁜 머스크 없이는 위대한 머스크도 없다는 것이 머스크 주변 사람들과 아이작슨의 결론이다. 그것은 ‘패키지’이기 때문이다. 머스크뿐만이 아니라 우리가 유용함과 아쉬움을 동시에 느끼는 세상의 거의 모든 것들은 그런 패키지 상태로만 존재한다.이재명 더불어민주당 대표 체포동의안 가결 이후 눈이 뒤집힌 것 같은 몇몇 ‘개딸’의 표정을 보고 소름이 돋았다. 그들에 대해서는 별로 궁금한 것이 없다. 세상에 모든 종류의 광신도들은 다 비슷한 표정을 하고 있다. 다음날 한국갤럽이 발표한 여론조사 결과 구속영장 청구가 정당하다고 응답한 비율이 46%, 정치탄압이라고 한 응답자가 37%였다. 이 대목에서는 좀 궁금해진다. ‘우리나라 사람 10명 중 3.7명에게 ‘이재명’이라는 정치상품 패키지는 어떤 가치의 배합일까‘ 하는 궁금증이다.당연히 3.7명 모두가 개딸은 아니다. 그들 대부분은 이재명의 결함을 어느 정도 인식하는 사람들이다. 그가 한국인 평균보다 준법정신이 떨어지는 사람이라는 것, 가족과 주변인에 잔인하다는 것, 손윗사람에게 저잣거리 왈패들이 깜짝 놀랄 언어로 욕한다는 것, 여러 국면에서 여러 거짓말로 상황을 모면해 왔다는 것, 따라서 그가 결코 교양인이 아니며 평균적인 의미에서 ‘좋은 사람’에 들어갈 가능성도 희박하다는 것을 안다. 그 3.7명 중 대다수는 이재명 대표에게 제기된 무수한 범법 혐의들이 모두 조작됐거나 정치탄압이라는 주장을 할 만큼 비이성적이지도 않다.그럼에도 불구하고 그들은 이재명이라는 패키지를 받아들이고 애호하는 사람들이다. 그렇다면 무수한 인격적, 법률적, 정치적 결함으로 채워진 ‘나쁜 이재명’을 상쇄시켜 패키지로서의 이재명을 수용하게 만드는 ‘위대한 이재명’은 무엇인가.물론 대부분 사람들이 그렇듯이 이 대표도 매력이 있을 것이다. 그를 직접 만나본 사람들이 “유쾌한 사람”이라고 칭찬하는 것을 들은 적이 있다. 개인적으로는 재미있고, 잔정도 있으리라 생각한다. 그런데 이 정도 매력으로는 ‘나쁜 이재명’을 상쇄할 수 없다. 3.7명이 모두 이재명을 개인적으로 알 수도 없다.여러모로 이재명 대표와 닮은 구석인 도널드 트럼프는 최소 미국 백인사회와 노동자층에는 영감을 주는 인물이다. 그는 미국이 위대했던 시절의 향수를 불러일으키고 다시 위대했던 그 시절로 돌아가자고 속삭인다. 그 속삭임은 어느 정도는 사기이거나 보다 확실히는 포퓰리즘이겠지만 그러나 유치하고 분열된 인격의 ‘나쁜 트럼프’를 상쇄시켜 트럼프라는 정치 패키지를 구성하는 ‘위대한 트럼프’ 버전이다.이재명을 수용하는 3.7명은 무엇으로 ‘나쁜 이재명’을 상쇄하는가. 이재명이 ‘반(反) 박근혜’ ‘반 윤석열’ 이외에 무슨 시대정신을 말했던 기억이 없다. 그가 말하는 미래한국 설계도는 기껏 기본소득 정도였는데 본인도 말 안 한 지 오래다.머스크나 트럼프의 패키지와는 달리 이재명 패키지는 ‘나쁜 이재명’만 있고 ‘위대한 이재명’은 결여돼 있다. 결여된 부분을 채우는 것은 ‘반일’과 대한민국 주류 역사에 대한 ‘분노’이며 어느 정도는 ‘지역’이다. 여기서 뿜어나오는 독성의 감정들은 나쁜 이재명에 대한 각성을 깡그리 마비시킬 만큼 독하다. 그래서 이재명 대표는 그 많은 핸디캡을 안고도 약간의 정치적 두뇌와 투지만으로 대한민국 정치의 절반을 접수해 버렸다. 이번에 그가 설혹 구속된다손 그 장악력은 끄떡 없을 것으로 본다. 이재명이 위대해서가 아니라 독성의 감정에 지배되는 사람들이 10명 중 3.7명이나 되기 때문이다.",https://n.news.naver.com/mnews/article/009/0005191005?sid=102
42,전기차 보급 늘지만 안전은 ‘글쎄’… 3년 새 화재 3배 증가,2023-09-24 07:13:01,국제신문,"사고의 절반 이상 ‘고전압 배터리’가 원인으로 드러나배터리 점검 가능한 곳은 전국 검사소의 30%에 그쳐업체 안전성 강화·관련 제도 정비 필요하다는 지적 나와환경보호에 대한 관심이 높아지면서 전기차를 타는 운전자가 늘고 있으나 자동차 화재도 최근 3년 사이에 3배가 증가한 것으로 나타났다. 업체의 안전성 강화 노력과 함께 관련 제도를 정비해야 한다는 지적이 나온다.24일 국회 국토교통위원회 소속 조오섭 의원(더불어민주당·광주 북구갑)이 한국교통안전공단 자동차안전연구원으로부터 받은 자료에 따르면 지난 2020년부터 올해 8월까지 발생한 전기차 화재는 94건으로 집계됐다. 연도별로는 2020년 12건, 2021년 15건, 2022년 33건, 올해 1~8월 34건이다. 전기차 화재는 2020년과 2021년에는 10건 대에 머물렀으나 2022년부터 급증하는 추세다. 특히 올해에는 8개월 만에 지난해 전체 수치를 이미 넘어섰다. 2020년 이후 발생한 전기차 화재 가운데 54.3%인 51건은 ‘고전압 배터리’로 인한 것으로 드러났다. 27건은 운전석 열선 등 차량 기타 부품 이상, 16건은 블랙박스 보조 배터리, 휴대용 충전기 등 장착된 장비 이상이 원인으로 판명됐다. 제작사별로는 현대자동차가 40건으로 가장 많았으며 다음은 기아 14건, 폭스바겐그룹 아우디 7건, 테슬라 6건 등이었다.조 위원은 이번 자료에서 보듯 최근 3년간 전기차 화재의 절반 이상이 고전압 배터리에서 발생했지만 이런 사고를 예방할 검사소는 턱없이 부족하다는 점을 지적했다. 현재  전국의 자동차 검사소는 1972곳이다. 그러나 이 가운데 30.8%인 608곳 만이 전기차 배터리 안전성 검사 장비를 보유하고 있다. 일부에서는 일부 외국 전기차 제작사가 기술 유출 우려와 법적 근거가 불명확한 점 등을 들어 한국교통공단에 전자장치 진단 자료를 제공하지 않아 배터리 상태 확인이 어려운 것도 문제점으로 거론한다. 또 전기차 정기 안전 검사 항목에 배터리 안전성에 대한 의무 검사 조항이 들어 있지 않은 점도 언급한다. 이에 대해 조 위원은 “전기차 정비에 관련한 관련 제도가 차량 보급 속도를 따라가지 못하고 있는 만큼 보완이 시급하다”고 말했다. 우리나라의 연도별 신규 등록 전기차는 2020년 4만6623대, 2021년 10만355대, 2022년 16만4324대, 올해 1~8월 10만3356대로 파악됐다. 지난달을 기준으로 할 때 국내에 등록된 전기차는 48만8216대다. 제조사별로는 현대차 21만4093대, 기아 13만5866대, 테슬라 5만2116대, 메르세데스-벤츠 1만2546대, BMW 1만1285대, 아우디 5344대 등이었다.",https://n.news.naver.com/mnews/article/658/0000053355?sid=101
43,전기차 화재 3년새 3배로…원인 절반은 '이것',2023-09-24 06:14:04,한국경제TV,"최근 수년간 전기차 보급이 급속도로 확대되면서 전기차 화재가 3년 만에 3배 수준으로 늘어난 것으로 나타났다.24일 한국교통안전공단 자동차안전연구원이 국회 국토교통위원회 소속 더불어민주당 조오섭 의원에게 제출한 자료에 따르면 올해 들어 지난달까지 전기차 화재는 34건 발생했다.전기차 화재는 지난 2020년 12건, 2021년 15건이었다가 지난해 33건으로 급증한 바 있다. 올해는 8월까지 발생한 건수만 이미 지난해 수준을 넘어서며 더욱 늘어나는 추세다.국내 신규 등록 전기차는 2020년 4만6천623대에서 2021년 10만355대로 배 넘게 늘었고, 지난해에는 16만4천324대로 더 증가했다. 올해는 전기차 판매가 다소 둔화하며 지난달까지 10만3천356대가 등록됐다. 2020년 이후 지난달까지 전기차 화재는 누적 94건 발생한 것으로 집계됐다.94건 가운데 16건(17%)은 블랙박스 보조배터리, 휴대용 충전기 등 차량에 장착된 액세서리 등에서 불이 나 전기차 자체의 안전 문제라고는 보기 어려운 '외부 요인'이 원인이었다.나머지 78건 중에서는 51건(54.3%)의 화재가 '고전압 배터리'에서 발생했다. 전체 전기차 화재 중 절반 이상은 배터리가 원인인 셈이다.다른 27건(28%)은 차량 기타 부품(커넥터, 운전석 열선 등)에서 불이 난 경우였다. 2020년 이후 전기차 화재 94건을 차량 제작사별로 보면 현대자동차(코나 EV·포터2 EV·아이오닉5 등)가 40건(42.6%), 기아(봉고3 EV·쏘울 EV 등)가 14건(14.9%)이었다.수입차 중에서는 폭스바겐그룹 아우디 E-트론에서 7건(7.4%), 테슬라 모델 3·X·Y 등에서 6건(6.4%) 있었다.국토교통부 통계에 따르면 지난달 기준 누적 보급된 전기차 48만8천216대 가운데 현대차가 21만4천93대(43.9%)로 가장 많고, 기아는 13만5천866대(27.8%)로 브랜드별 2위다. 테슬라(5만2천116대, 10.6%), 메르세데스-벤츠(1만2천546대), BMW(1만1천285대), 아우디(5천344대, 1.1%) 등을 포함한 수입 브랜드 전기차가 12만2천376대(25.1%)로 뒤를 잇는다.기아와 테슬라 전기차가 보급대수에 비해 상대적으로 화재가 적은 셈이다.최근 3년여간 전기차 화재의 절반 이상은 고전압 배터리에서 발생했지만, 정작 이런 화재를 예방할 수 있는 검사가 가능한 검사소는 전국 10곳 가운데 3곳뿐이라고 조오섭 의원은 지적했다.조 의원에 따르면 전기차 배터리 안전성 검사 장비를 보유한 안전검사소는 지난달 기준 전국 1천972곳 가운데 교통안전공단이 운영하는 검사소 59곳과 출장 검사소 30곳, 민간 검사소 519곳 등 608곳(30.8%)이다.이들 검사소는 공단에서 지난해 8월 개발한 전자장치진단기(KADIS)를 갖춰 국내 모든 자동차의 고전압 전기·전자장치에 대한 검사를 할 수 있다.아울러 조 의원은 일부 외국 전기차 제작사가 교통안전공단에 기술 유출 우려와 법적 근거가 불명확한 점 등을 이유로 전자장치 진단 자료를 제공하지 않아 배터리 상태 확인이 어려운 실정이라고도 밝혔다. 또 전기차 정기 안전 검사에 배터리 안전성에 대한 의무 검사 조항이 없는 점도 문제로 지적했다.조 의원은 ""전기차 정비 인프라와 관련 제도가 전기차 보급 속도를 따라가지 못하고 있어 시급한 보완이 필요하다""고 말했다.",https://n.news.naver.com/mnews/article/215/0001126615?sid=102
44,이미지 전략 천재 vs 공감력 제로 빌런…머스크의 ‘트루 컬러’ [박영실의 이미지 브랜딩],2023-09-24 06:07:01,한경비즈니스,말 한마디로 극과 극 평판 달리는 이슈 메이커이미지 리스크 관리 필요[박영실의 이미지 브랜딩]박영실 퍼스널이미지브랜딩랩 &amp; PSPA 대표·명지대 교육대학원 이미지코칭 전공 겸임교수,https://n.news.naver.com/mnews/article/050/0000068426?sid=101
45,[주간증시전망] 곧 있을 ‘6일 연휴’에 물가 발표하는데… 팔고 가야 할까?,2023-09-24 06:01:26,조선비즈,"        지난주(18일~22일) 한국 증시는 미국 연방준비제도(Fed·연준)의 연방공개시장위원회(FOMC)로 시작해 FOMC로 끝났다. 코스피지수는 9월 FOMC 정례회의를 앞두고 지난 18일부터 내림세를 이어갔다. 한 달 만에 회복한 2600선을 하루 만에 내줬다. 21일 밤사이 나온 FOMC 결과로 인해 ‘고금리 장기화(Higher for Longer)’ 우려가 커지면서 투자심리가 얼어붙었고, 22일 2,508.13으로 장을 마감했다. 전주 대비 93.13포인트(3.6%) 내렸다.연준은 9월 FOMC 정례회의에서 기준금리를 동결했지만, 시장은 예상보다 ‘매파적인(hawkish·통화 긴축 선호)’ 점도표에 놀랐다. FOMC 위원들의 금리 전망치를 나타내는 점도표에 따르면 2024년 말 기준금리 중앙값은 5.125%다. 지난 6월 나온 점도표 상 기준금리 중앙값 4.625%보다 0.5%포인트 올랐다. 2024년 기준금리 인하 횟수가 베이비스텝(0.25%포인트) 기준 4차례에서 2차례로 줄었다. 그만큼 금리 인하 시점이 멀어질 수 있다는 의미다.        증권사들은 황금연휴 이후 올해 3분기 경영실적 발표가 이어질 예정인 점을 주목해 대형주를 주목해야 한다고 분석했다. 한지영 키움증권 연구원은 “연휴 이후 삼성전자의 잠정 실적 발표를 주시하면서 실적 상향에 대한 기대감이 유입될 것”이라며 “9월 분기 배당도 끝나는 만큼 현시점에선 대형주 중심으로 저가 매수 전략이 유효하다”고 했다.박승영 한화투자증권 연구원은 “올해 1분기와 2분기엔 지난해 동기보다 영업이익이 42%, 48% 감소했지만, 3분기엔 전년 대비 증가로 돌아설 수 있다”며 “3분기 실적이 반등하면 2024년도 기대할 수 있어 이익이 증가할 것으로 예상되는 반도체, 자동차 등 대형주를 사는 게 좋아 보인다”고 했다.",https://n.news.naver.com/mnews/article/366/0000934753?sid=101
46,[인터뷰] “AI가 유튜브 속 영상 학습·훈련하면 교통 데이터 확보 쉬워져… 자율주행 상용화에 도움”,2023-09-24 06:01:34,조선비즈,"마르코 파보네 스탠퍼드대 부교수 겸 엔비디아 특훈과학자지역마다 운전 방식, 교통 환경 달라… 상용화 걸림돌 데이터 축적으로 극복… 메타러닝·생성형 AI 활용 생성형 AI, 복합적인 상황까지 차량이 추론, 판단 가능2025년이면 자율주행 기술 선두 기업 가려질 것        “자율주행 기술 자체는 상용화가 가능할 만큼 완성도가 높아졌습니다. 하지만 자율주행차가 전 세계적으로 보편화되기 위해서는 특정 국가에서 설계한 자율주행 시스템을 다른 국가에서도 원활하게 사용할 수 있도록 해야 합니다. (이를 해결하는) 간단한 방법은 더 많은 데이터를 쌓는 것인데, 여기에 생성형 인공지능(AI) 등 다양한 기술을 활용해 상용화 시기를 앞당길 수 있습니다.”마르코 파보네(Marco Pavone) 스탠퍼드대 항공우주공학과 부교수 겸 엔비디아 특훈과학자는 지난 21일 조선비즈와의 화상 인터뷰에서 “지역마다 사람들의 운전 방식이 다르고 교통 환경이 다르기 때문에 하나의 시스템을 개발한 후 여러 지역에서 적용할 수 있는지 검증하는 게 중요하다”며 이같이 말했다. 파보네 교수는 2010년 미국 매사추세츠공대(MIT)에서 항공우주학 박사를 받았고, 미 항공우주국(NASA) 제트추진연구소(JPL) 로봇공학 부문 연구원을 역임했다. 현재 스탠퍼드대 자동차 연구센터 소장을 겸임하고 있다.그는 “이를 극복하기 위한 간단한 방법은 더 많은 데이터를 쌓는 것”이라고 말했다. 그러면서 “여러 지역에서 AI 모델을 만드는 연구가 진행되고 있는데, AI 모델을 만들 때 새로운 상황이나 환경에 빠르게 적응할 수 있도록 ‘메타러닝’ 방법이 사용되고 있다”고 덧붙였다. 메타러닝은 주어진 데이터와 환경만으로 스스로 학습하는 AI 시스템을 뜻한다. 기존에 학습했던 정보와 알고리즘을 새로운 문제에 적용해 해결하는 학습 방식으로, 데이터가 많지 않아도 AI 모델이 환경에 빠른 속도로 적응할 수 있게 하는 것이다.파보네 교수는 생성형 AI도 역할을 할 수 있다고 했다. 그는 “유튜브 같은 곳에 사람들이 영상을 올린 것을 토대로 AI 모델을 학습, 훈련시키면 실제 자동차로 시험 주행을 많이 하지 않아도 데이터를 충분히 쌓을 수 있다”면서 “이러한 여러가지 기술들을 활용하면 수년 내에 자율주행차가 상용화되는 것을 실현할 수 있을 것이라고 생각한다”고 말했다.그는 “AI를 사용하지 않고도 주행 중인 차량이 돌발 상황을 예측하는 것이 가능해졌지만, 생성형 AI를 활용하면 더 복합적이고 복잡한 경우까지 차량이 추론, 판단할 수 있게 된다”며 “사람은 잘 이해할 수 있는 상황이지만 기계는 아직 이해하기 어려운 아주 가끔 있는 상황을 생성형 AI를 활용해 대처하는 것”이라고 했다. 그러면서 “생성형 AI를 잘 활용하면 주행 중 어떤 일이 일어났을 때 차량이 운전자에게 상황을 설명해줄 수 있을 것”이라며 “현재 연구 중에 있으나 차량에 직접 활용하거나 상용화할 수 있는 단계는 아니다”라고 말했다.그는 자율주행 기술이 거의 완성 단계에 이르렀다는 예시로 미국 샌프란시스코, 피닉스 등에서 운행하는 로보택시를 꼽았다. 샌프란시스코에선 제너럴모터스(GM) 크루즈, 알파벳(구글 모기업) 웨이모의 로보택시가 24시간 운행되고 있다. 피닉스에서도 웨이모의 로보택시가 24시간 운행 중이다. 파보네 교수는 “로보택시는 곧 로스앤젤레스에서도 상용화될 것”이라며 “자율주행 기술은 어느 정도 완성됐지만 수익성과 사업성을 증명하는 데 오랜 시간이 걸릴 것”이라고 했다.파보네 교수는 사람이 최소한으로 개입하는 레벨2, 레벨3 수준의 자율주행은 2025년 정도면 상용화될 것으로 전망되는데 그때가 되면 자율주행에서 어느 기업이 선두가 될지 우열이 가려질 것이라고 전망했다. 그는 “현재 자율주행 생태계는 거대하고 복잡하다. 테슬라가 중요한 참여자인 것은 맞지만 웨이모, 크루즈와 더불어 중국 화웨이까지 첨단 기술을 보유한 기업들이 많다”면서 “현재 테슬라가 제공하는 자동 주차 같은 기능은 2025년쯤이 되면 모두가 실현할 수 있을 것”이라고 말했다.파보네 교수는 “엔비디아도 자율주행 생태계를 만들고자 하고 있다”고 설명했다. 알고리즘을 가동시킬 수 있는 컴퓨터 칩을 다른 회사에 제공을 한다든지, AI 모델을 훈련시킬 수 있는 인프라 또는 시뮬레이션 기술을 제공하는 방식으로 다른 회사들과 협력을 하고 있다.그는 자율주행 시스템이 다양한 분야에 활용될 수 있을 것으로 전망했다. 파보네 교수는 “기차나 항공 분야에서는 이미 어느 정도 자동화가 가능해졌으며 농업 분야에서도 농기구를 자동화할 수 있고, 건축 공사에도 적용이 가능할 것”이라며 “앞으로 여러 분야에서 광범위하게 활용할 수 있다”고 말했다.",https://n.news.naver.com/mnews/article/366/0000934755?sid=105
47,전기차 화재 3년새 3배로…절반은 '고전압 배터리'서 발화,2023-09-24 06:01:02,연합뉴스,"車 안전검사소 10곳 중 3곳서만 배터리 검사 가능…의무검사 조항도 없어조오섭 의원 ""전기차 보급에 비해 뒤처진 인프라·제도 보완 시급""2020년 이후 전기차 화재 94건을 차량 제작사별로 보면 현대자동차(코나 EV·포터2 EV·아이오닉5 등)가 40건(42.6%), 기아(봉고3 EV·쏘울 EV 등)가 14건(14.9%)이었다.    수입차 중에서는 폭스바겐그룹 아우디 E-트론에서 7건(7.4%), 테슬라 모델 3·X·Y 등에서 6건(6.4%) 있었다.     국토교통부 통계에 따르면 지난달 기준 누적 보급된 전기차 48만8천216대 가운데 현대차가 21만4천93대(43.9%)로 가장 많고, 기아는 13만5천866대(27.8%)로 브랜드별 2위다. 테슬라(5만2천116대, 10.6%), 메르세데스-벤츠(1만2천546대), BMW(1만1천285대), 아우디(5천344대, 1.1%) 등을 포함한 수입 브랜드 전기차가 12만2천376대(25.1%)로 뒤를 잇는다.     기아와 테슬라 전기차가 보급대수에 비해 상대적으로 화재가 적은 셈이다.    최근 3년여간 전기차 화재의 절반 이상은 고전압 배터리에서 발생했지만, 정작 이런 화재를 예방할 수 있는 검사가 가능한 검사소는 전국 10곳 가운데 3곳뿐이라고 조오섭 의원은 지적했다.    조 의원에 따르면 전기차 배터리 안전성 검사 장비를 보유한 안전검사소는 지난달 기준 전국 1천972곳 가운데 교통안전공단이 운영하는 검사소 59곳과 출장 검사소 30곳, 민간 검사소 519곳 등 608곳(30.8%)이다.     이들 검사소는 공단에서 지난해 8월 개발한 전자장치진단기(KADIS)를 갖춰 국내 모든 자동차의 고전압 전기·전자장치에 대한 검사를 할 수 있다.    아울러 조 의원은 일부 외국 전기차 제작사가 교통안전공단에 기술 유출 우려와 법적 근거가 불명확한 점 등을 이유로 전자장치 진단 자료를 제공하지 않아 배터리 상태 확인이 어려운 실정이라고도 밝혔다. 또 전기차 정기 안전 검사에 배터리 안전성에 대한 의무 검사 조항이 없는 점도 문제로 지적했다.    조 의원은 ""전기차 정비 인프라와 관련 제도가 전기차 보급 속도를 따라가지 못하고 있어 시급한 보완이 필요하다""고 말했다.    sh@yna.co.kr",https://n.news.naver.com/mnews/article/001/0014213980?sid=101
